회차,날짜,번호1,번호2,번호3,번호4,번호5,번호6,보너스,1등당첨자수,1등당첨금,1등총당첨금,2등당첨자수,2등당첨금,3등당첨자수,3등당첨금,4등당첨금,5등당첨금,총당첨자수,판매금액
1,20021207,10,23,29,33,37,40,16,0,0,863604600,1,143934100,28,5140500,113400,10000,42721,3681782000
2,20021214,9,13,21,25,32,42,2,1,2002006800,0,2,94866800,103,1842000,100800,10000,59349,4904274000
3,20021221,11,16,19,21,27,31,30,1,2000000000,0,0,0,139,1174100,54900,10000,79336,4729342000
4,20021228,14,27,30,31,40,42,2,0,0,1267147200,1,211191200,29,7282400,152100,10000,55189,5271464000
5,20030104,16,24,29,40,41,42,3,0,0,3041094900,0,0,42,6033800,166500,10000,63519,6277102000
6,20030111,14,15,26,27,40,42,34,1,6574451700,0,3,196297600,138,4267300,87600,10000,189962,15305356000
7,20030118,2,9,16,25,26,40,42,0,0,2600913000,9,48165000,270,1605500,65500,10000,219767,12794890000
8,20030125,8,19,25,34,37,39,9,0,0,7336896000,6,131555000,348,2268100,110500,10000,262875,20751450000
9,20030201,2,4,16,17,36,39,14,0,0,25803852000,4,769456500,352,8743800,260000,10000,627403,73624020000
10,20030208,9,25,30,33,41,44,6,13,6430437900,0,236,40813400,11247,856400,27300,10000,4125576,260856392000
11,20030215,1,7,36,37,41,42,14,5,4780152300,0,11,362132700,428,9307100,206800,10000,651764,91925306000
12,20030222,2,11,21,25,39,45,44,12,1348845700,0,27,99914400,1903,1417500,70200,10000,1193871,76255508000
13,20030301,22,23,25,37,38,42,26,0,0,15599134800,6,433309300,450,5777400,175600,10000,756808,66532136000
14,20030308,2,6,12,31,33,40,15,4,9375048300,0,28,130363400,1421,2568700,93900,10000,1420945,99838648000
15,20030315,3,4,16,30,31,37,13,1,17014245000,0,16,177231700,509,5571100,144600,10000,867266,73264910000
16,20030322,6,7,24,37,38,40,33,4,4377146100,0,12,243174700,862,3385200,123500,10000,918903,75777348000
17,20030329,3,4,9,17,32,37,1,3,5349491200,0,9,297193900,1142,2342100,86700,10000,1023967,72718152000
18,20030405,3,12,13,19,32,35,29,0,0,15751560000,15,175017300,664,3953700,136500,10000,732455,66371660000
19,20030412,6,30,38,39,40,43,26,1,40722959400,0,14,297278500,697,5971100,150900,10000,1191857,105957818000
20,20030419,10,14,18,20,23,30,41,1,19352212800,0,14,230383400,888,3632100,133900,10000,876531,81056776000
21,20030426,6,12,17,18,31,32,21,23,797475400,0,26,117576500,2008,1522400,73600,10000,1240421,84247142000
22,20030503,4,5,6,8,17,39,25,4,4552194900,0,32,94837300,827,3669600,113900,10000,992072,79455152000
23,20030510,5,13,17,18,33,42,44,4,4317947700,0,23,125157900,1372,2098100,90300,10000,1055197,77374256000
24,20030517,7,8,27,29,36,43,6,0,0,19010560200,18,176023700,925,3425300,120000,10000,809625,78486634000
25,20030524,2,4,21,26,43,44,16,2,24227745300,0,28,175267400,1111,4417100,166600,10000,1156244,120073768000
26,20030531,4,5,7,18,20,25,31,5,3495069900,0,39,74680900,1340,2173500,80600,10000,1170729,80193026000
27,20030607,1,20,26,28,37,43,27,2,9543982500,0,16,198832900,579,5494500,189800,10000,660031,76145050000
28,20030614,9,18,23,25,35,37,1,10,1700361100,0,22,128815200,1164,2434600,97900,10000,997549,75448366000
29,20030621,1,5,13,34,39,40,11,5,3552594000,0,17,174146700,752,3936800,139800,10000,808782,74523120000
30,20030628,8,17,20,35,36,44,4,2,8728555500,0,22,132250800,872,3336600,137500,10000,753681,72399690000
31,20030705,7,9,18,23,28,35,32,2,8106672900,0,29,93180100,1130,2391300,92500,10000,923208,71317306000
32,20030712,6,14,19,25,34,44,11,10,1634528300,0,49,55596200,1203,2264500,103300,10000,888712,71179198000
33,20030719,4,7,32,33,40,41,9,1,14903517600,0,41,60583400,1063,2336700,95200,10000,942190,67457252000
34,20030726,9,26,35,37,40,42,2,5,3056918000,0,45,56609500,1264,2015300,74300,10000,991896,69389894000
35,20030802,2,3,11,26,37,43,39,3,5054598200,0,24,105304100,933,2708700,107800,10000,827680,66143062000
36,20030809,1,10,23,26,28,40,31,1,16014475800,0,19,140477800,768,3475300,139300,10000,712864,66856686000
37,20030816,7,27,30,33,35,37,42,3,4985999400,0,20,124649900,857,2908900,107600,10000,829704,65509794000
38,20030823,16,17,22,30,37,43,36,3,5374866400,0,18,149301800,679,3957900,147700,10000,718108,67369284000
39,20030830,6,7,13,15,21,43,8,6,2623748800,0,25,104949900,699,3753500,135400,10000,720457,66094476000
40,20030906,7,13,18,19,25,26,6,13,1147652400,0,44,56513100,1055,2356900,76400,10000,864567,65699086000
41,20030913,13,20,23,35,38,43,34,0,0,13784904600,21,109404000,700,3282100,135900,10000,618270,57624562000
42,20030920,17,18,19,21,23,32,1,6,6899280100,0,35,131479800,1405,3275200,115700,10000,1474680,119909740000
43,20030927,6,31,35,38,39,44,1,1,17749630800,0,21,140870000,926,3194600,131200,10000,822069,74686296000
44,20031004,3,11,21,30,38,45,39,5,3362155800,0,23,121817200,785,3569100,139700,10000,736956,69956950000
45,20031011,1,10,20,27,33,35,17,2,8356417800,0,27,103165600,890,3129700,122500,10000,821728,71216232000
46,20031018,8,13,15,23,31,38,39,3,5327758800,0,39,68304600,1043,2554000,117700,10000,791527,68181568000
47,20031025,14,17,26,31,36,45,27,5,3250042400,0,11,246215300,902,3002600,133400,10000,720964,67756694000
48,20031101,6,10,18,26,37,38,3,6,2415673600,0,25,96626900,1279,1888700,83200,10000,934025,65806832000
49,20031108,4,7,16,19,33,40,30,7,1967504600,0,49,46845300,1487,1543600,69000,10000,997629,64501142000
50,20031115,2,10,12,15,22,44,1,3,5227061400,0,14,186680700,826,3164000,129700,10000,705770,65563234000
51,20031122,2,3,11,16,26,44,35,6,2421117000,0,26,93119800,961,2519300,105900,10000,753267,62553680000
52,20031129,2,4,15,16,20,29,1,4,3900844900,0,13,200043300,669,3887200,150000,10000,654460,64393446000
53,20031206,7,8,14,32,33,39,42,3,5014371000,0,25,100287400,802,3126100,110500,10000,788817,64996010000
54,20031213,1,8,21,27,36,39,37,3,5148626600,0,15,171620800,719,3580400,147700,10000,652928,63833006000
55,20031220,17,21,31,37,40,44,7,2,7088799600,0,24,98455500,728,3245700,111000,10000,790159,62195764000
56,20031227,10,14,30,31,33,37,19,4,3777570900,0,29,86840700,1359,1853100,122300,10000,787114,65258932000
57,20040103,7,10,16,25,29,44,6,4,4114411900,0,25,109717600,960,2857200,124500,10000,808731,70132666000
58,20040110,10,24,25,33,40,44,1,4,3676429200,0,39,62844900,1318,1859600,84200,10000,940530,66638136000
59,20040117,6,29,36,39,41,45,13,4,4127587300,0,23,119640200,651,4226900,157100,10000,662164,67563698000
60,20040124,2,8,25,36,39,42,11,7,2172504600,0,27,93873600,1088,2329500,110800,10000,782542,65405936000
61,20040131,14,15,19,30,38,43,8,5,3541038800,0,11,268260500,789,3740000,143100,10000,756816,73312994000
62,20040207,3,8,15,27,29,35,21,1,15817286400,0,22,119827900,829,3179900,126400,10000,743342,66740368000
63,20040214,3,20,23,36,38,40,5,2,7922245500,0,26,101567200,824,3204700,127200,10000,755311,67074050000
64,20040221,14,15,18,21,26,36,39,4,3899818000,0,11,236352600,651,3993600,140000,10000,692162,65085154000
65,20040228,4,25,33,36,40,43,39,4,3727945800,0,27,92048000,1003,2477800,94500,10000,902550,66685144000
66,20040306,2,3,7,17,22,24,45,4,3685138200,0,19,129303000,786,3125600,122200,10000,753178,63378796000
67,20040313,3,7,10,15,36,38,33,7,2114436500,0,62,39787700,972,2537900,105500,10000,796682,64314872000
68,20040320,10,12,15,16,26,39,38,5,2945882100,0,20,122745000,754,3255800,113400,10000,779804,63813236000
69,20040327,5,8,14,15,19,39,35,3,4962712200,0,20,124067800,766,3239300,120300,10000,746218,63711302000
70,20040403,5,19,22,25,28,43,26,3,5031277800,0,14,179688400,717,3508500,136700,10000,683505,63232578000
71,20040410,5,9,12,16,29,41,21,0,0,14909209800,28,88745200,782,3177500,125700,10000,699957,62889986000
72,20040417,2,4,11,17,26,27,1,13,3260524600,0,44,104081800,2510,1824500,80300,10000,1819520,125651214000
73,20040424,3,12,18,32,40,43,38,6,2766662100,0,26,106410000,1363,2029800,99500,10000,922134,72635862000
74,20040501,6,15,17,18,35,40,23,3,5284949800,0,40,66061800,1021,2588100,109100,10000,852135,68902158000
75,20040508,2,5,24,32,34,44,28,4,3914616900,0,19,137354900,817,3194300,127900,10000,738796,66138372000
76,20040515,1,3,15,22,25,37,43,2,7451022600,0,17,146098400,840,2956700,111600,10000,815885,65083924000
77,20040522,2,18,29,32,43,44,37,3,5155758600,0,19,135677800,713,3615500,139200,10000,680922,64420666000
78,20040529,10,13,25,29,33,35,38,4,3519850000,0,22,106662100,910,2578600,110500,10000,759709,61257794000
79,20040605,3,12,24,27,30,32,14,4,3416443800,0,31,73471910,1196,1904373,92154,10000,792533,60390004000
80,20040612,17,18,24,25,26,30,1,1,13809540000,0,16,143849375,868,2651602,114362,10000,747568,60160440000
81,20040619,5,7,11,13,20,33,6,5,2714288880,0,20,113095370,1046,2162436,87580,10000,839983,60983308000
82,20040626,1,2,3,14,27,42,39,1,14562494400,0,20,121354120,637,3810177,134320,10000,674855,61302808000
83,20040703,6,10,15,17,19,34,14,2,7086948300,0,15,157487740,851,2775930,102880,10000,810079,62512062000
84,20040710,16,23,27,34,42,45,11,2,7669779000,0,17,150387824,635,4026131,157805,10000,615501,62780760000
85,20040717,6,8,13,23,31,36,21,4,3462109800,0,31,74453975,823,2804464,110577,10000,707096,59451304000
86,20040724,2,12,37,39,41,45,33,1,14252186400,0,16,148460275,611,3887667,135515,10000,652119,59835968000
87,20040731,4,12,16,23,34,43,26,11,1799358055,0,33,99964337,1250,2639059,120466,10000,946921,83793642000
88,20040807,1,17,20,24,30,41,27,4,3069709650,0,31,66015262,1183,1729902,63321,5000,1163972,51910612000
89,20040814,4,26,28,29,33,40,37,3,4248321900,0,30,70805365,1340,1585195,58463,5000,1335936,55102179000
90,20040821,17,20,29,35,38,44,10,4,3291435300,0,34,64537948,1297,1691820,64645,5000,1229997,55493544000
91,20040828,1,21,24,26,29,42,27,4,3582902400,0,32,74643800,1205,1982242,74431,5000,1194326,59061052000
92,20040904,3,14,24,33,35,36,17,11,1233270846,0,50,45219931,1623,1393098,57011,5000,1388610,58296001000
93,20040911,6,22,24,36,38,44,19,6,2269178150,0,26,87276083,1462,1552106,66160,5000,1255366,57236313000
94,20040918,5,32,34,40,41,45,6,6,2245339950,0,38,59087894,1353,1659527,63155,5000,1296296,57144729000
95,20040925,8,17,27,31,34,43,14,8,1747741238,0,48,48548368,1728,1348566,56540,5000,1431322,60077493000
96,20041002,1,3,8,21,22,31,20,7,1847133515,0,38,56710240,1197,1800326,66002,5000,1178322,54217572000
97,20041009,6,7,14,15,20,36,3,9,1496214000,0,46,48789587,1543,1454518,58123,5000,1361503,57713200000
98,20041016,6,9,16,23,24,32,43,4,3177972300,0,45,47081072,1880,1126941,48251,5000,1475559,56231084000
99,20041023,1,3,10,27,29,37,11,6,2169219050,0,40,54230477,1581,1372056,56196,5000,1361141,56207491000
100,20041030,1,7,11,23,37,42,6,4,3315315525,0,36,61394732,1544,1431484,57484,5000,1314260,56561977000
101,20041106,1,3,17,32,35,45,8,5,2707297500,0,38,59370560,1405,1605752,61634,5000,1321002,57585065000
102,20041113,17,22,24,26,35,40,42,9,1457153067,0,24,91072067,1352,1616664,57919,5000,1399198,56937962000
103,20041120,5,14,15,27,30,45,10,8,1691589563,0,38,59354020,1583,1424797,59679,5000,1308372,57420615000
104,20041127,17,32,33,34,42,44,35,2,6610743750,0,23,95807881,1293,1704240,61361,5000,1319350,56533705000
105,20041204,8,10,20,34,41,45,28,4,3416781450,0,26,87609781,1331,1711386,65904,5000,1262751,57479716000
106,20041211,4,10,12,22,24,33,29,16,810461157,0,40,54030744,2056,1051182,46205,5000,1511652,57384485000
107,20041218,1,4,5,6,9,31,17,2,6679927800,0,35,63618360,2181,1020928,48590,5000,1395104,57545202000
108,20041225,7,18,22,23,29,44,12,7,1998900772,0,41,56879291,1462,1595111,65853,5000,1295758,58875228000
109,20050101,1,5,34,36,42,44,33,12,1246838200,0,31,80441175,1493,1670246,68153,5000,1345772,62584098000
110,20050108,7,20,22,23,29,43,1,3,4566262000,0,38,60082395,1392,1640181,61980,5000,1271394,57625490000
111,20050115,7,18,31,33,36,40,27,6,2199047450,0,51,43118578,1734,1268194,50633,5000,1478259,57876999000
112,20050122,26,29,30,33,41,42,43,9,1567271167,0,32,73465836,1370,1715991,66933,5000,1299045,59292005000
113,20050129,4,9,28,33,36,45,26,9,1561528934,0,43,54471940,1479,1583701,64428,5000,1315480,59258248000
114,20050205,11,14,19,26,28,41,2,6,2362345050,0,41,57618172,1491,1584404,60185,5000,1363292,60079401000
115,20050212,1,2,6,9,25,28,31,9,1488589567,0,34,65673070,1990,1122053,48739,5000,1540947,59130557000
116,20050219,2,4,25,31,34,37,17,7,1997747315,0,56,41619736,1735,1343346,50725,5000,1592893,61606084000
117,20050226,5,10,22,34,36,44,35,9,1558378334,0,50,46751350,1642,1423610,59662,5000,1347888,59429610000
118,20050305,3,4,10,17,19,22,38,10,1297989720,0,41,52763810,1671,1294624,51983,5000,1475516,57171934000
119,20050312,3,11,13,14,17,21,38,9,1474899400,0,49,45149982,1936,1142743,51856,5000,1442686,57800632000
120,20050319,4,6,10,11,32,37,30,3,4364530300,0,31,70395650,1605,1359667,54286,5000,1459407,57418983000
121,20050326,12,28,30,34,38,43,9,2,6839648100,0,31,73544604,1342,1698870,67589,5000,1222528,57134544000
122,20050402,1,11,16,17,36,40,8,9,1450073800,0,38,57239756,1403,1550329,59989,5000,1340917,56171704000
123,20050409,7,17,18,28,30,45,27,5,2532982680,0,38,55547866,1477,1429126,58036,5000,1262369,54097448000
124,20050416,4,16,23,25,29,42,1,9,1395936267,0,37,56592011,1540,1359679,55808,5000,1306901,54180838000
125,20050423,2,8,32,33,35,36,18,7,1754870786,0,36,56870813,1444,1417832,55140,5000,1296020,53149705000
126,20050430,7,20,22,27,40,43,1,9,1369301500,0,35,58684350,1439,1427347,57558,5000,1239845,52748965000
127,20050507,3,5,10,29,32,43,35,6,1965939150,0,43,45719516,1279,1537091,58532,5000,1211885,50752603000
128,20050514,12,30,34,36,37,45,39,6,2064043100,0,23,89741005,1192,1731580,65221,5000,1167468,52310392000
129,20050521,19,23,25,28,38,42,17,11,1093629655,0,50,40099754,1473,1361160,56381,5000,1218258,51555754000
130,20050528,7,19,24,27,42,45,31,4,3036496650,0,30,67477704,1273,1590206,63672,5000,1152133,51359012000
131,20050604,8,10,11,14,15,21,37,8,1451214488,0,33,58634929,1645,1176264,52372,5000,1228851,50231773000
132,20050611,3,17,23,34,41,45,43,4,2920473525,0,34,57264187,1382,1408816,59653,5000,1164922,49921897000
133,20050618,4,7,15,18,23,26,13,8,1450242600,0,51,37914840,1466,1319002,50709,5000,1299470,50889926000
134,20050625,3,12,20,23,31,35,43,5,2349155100,0,50,39152585,1433,1366106,56175,5000,1200485,50445575000
135,20050702,6,14,22,28,35,39,16,7,1717293515,0,28,71553897,1424,1406959,60529,5000,1166909,51062672000
136,20050709,2,16,30,36,41,42,11,6,1997694150,0,26,76834391,1279,1561919,59639,5000,1187379,51144633000
137,20050716,7,9,20,25,36,39,15,9,1270403467,0,40,47640130,1578,1207608,52255,5000,1261217,49978654000
138,20050723,10,11,27,28,37,39,19,5,2227152000,0,32,57998750,1251,1483582,60623,5000,1119443,47688450000
139,20050730,9,11,15,20,28,43,13,7,1650210215,0,28,68758759,1128,1706778,67233,5000,1045052,48371085000
140,20050806,3,13,17,18,19,28,8,5,2109462840,0,34,51702521,1310,1341898,54617,5000,1148296,45983464000
141,20050813,8,12,29,31,42,43,2,6,1900552400,0,29,65536290,1144,1661323,65308,5000,1059973,48016958000
142,20050820,12,16,30,34,40,44,19,11,1018265564,0,28,66672150,1326,1407859,57795,5000,1133611,48012844000
143,20050827,26,27,28,42,43,45,8,3,3954584700,0,35,56494068,1182,1672837,69221,5000,1045301,49415357000
144,20050903,4,15,17,26,36,37,43,8,1402440413,0,38,49208436,1498,1248279,50416,5000,1256136,49202521000
145,20050910,2,3,13,20,27,44,9,3,3797838200,0,38,49971556,1217,1560328,60169,5000,1157923,48913832000
146,20050917,2,19,27,35,41,42,25,2,6043415250,0,34,59249170,1383,1456596,64439,5000,1102755,50677555000
147,20050924,4,6,13,21,40,42,36,7,1700040215,0,35,56668008,1215,1632412,63558,5000,1131469,50345605000
148,20051001,21,25,33,34,35,36,17,5,2323596420,0,35,55323725,1185,1634035,61124,5000,1144247,49523247000
149,20051008,2,11,21,34,41,42,27,7,1639052143,0,43,44470407,1171,1632987,63267,5000,1077911,48406950000
150,20051015,2,18,25,28,37,39,16,4,2831645850,0,46,41038346,1279,1475969,57907,5000,1167379,48763778000
151,20051022,1,2,10,13,18,19,15,4,2716634025,0,45,40246430,1491,1214681,53073,5000,1183318,47357067000
152,20051029,1,5,13,26,29,34,43,5,2278131840,0,30,63281440,1184,1603415,62986,5000,1082648,48180334000
153,20051105,3,8,11,12,13,36,33,4,2730526125,0,52,35006746,1446,1258888,50875,5000,1210136,47777735000
154,20051112,6,19,21,35,40,45,20,4,2836628700,0,32,59096432,1189,1590485,62847,5000,1081473,48022386000
155,20051119,16,19,20,32,33,41,4,9,1193005734,0,37,48365098,1287,1390450,56917,5000,1099218,46140202000
156,20051126,5,18,28,30,42,45,2,8,1401099900,0,30,62271107,1230,1518808,62789,5000,1058966,47344584000
157,20051203,19,26,30,33,35,39,37,2,5484903750,0,28,65296474,1155,1582945,59313,5000,1091569,46853365000
158,20051210,4,9,13,18,21,34,7,10,1069544340,0,45,39612754,1516,1175841,52499,5000,1141222,46368888000
159,20051217,1,18,30,41,42,43,32,6,1755407300,0,24,73141971,1071,1639036,63911,5000,976412,44311926000
160,20051224,3,7,8,34,39,41,1,2,5490805350,0,32,57195890,1079,1696264,62382,5000,1082580,46833239000
161,20051231,22,34,36,40,42,45,44,7,1996876272,0,63,33275487,1381,1517999,63303,5000,1184618,53096453000
162,20060107,1,5,21,25,38,41,24,5,2308265760,0,33,58289540,1172,1641259,62857,5000,1120314,49050086000
163,20060114,7,11,26,28,29,44,16,7,1629726515,0,47,40454205,1390,1367876,57095,5000,1167248,49018952000
164,20060121,6,9,10,11,39,41,27,3,4054937900,0,39,51986384,1626,1246906,54186,5000,1326777,53052119000
165,20060128,5,13,18,19,22,42,31,2,6767426700,0,40,56395223,1535,1469583,57240,5000,1377591,58088118000
166,20060204,9,12,27,36,39,45,14,11,1111299982,0,28,72763690,1507,1351947,57594,5000,1213277,52157466000
167,20060211,24,27,28,30,36,39,4,5,2491222920,0,36,57667198,1313,1581127,64666,5000,1187963,52744392000
168,20060218,3,10,31,40,42,43,30,5,2349946920,0,54,36264613,1544,1268322,52569,5000,1309150,51496212000
169,20060225,16,27,35,37,43,45,19,5,2482888380,0,31,66744312,1171,1766929,65994,5000,1133383,52076183000
170,20060304,2,11,13,15,31,42,10,6,1923108250,0,27,71226232,1309,1469144,57381,5000,1193980,49718245000
171,20060311,4,16,25,29,34,35,1,6,1961339700,0,19,103228406,1381,1420232,54893,5000,1185935,50357474000
172,20060318,4,19,21,24,26,41,35,11,1081154073,0,19,104321885,1276,1553383,60564,5000,1178357,50758266000
173,20060325,3,9,24,30,33,34,18,8,1487736788,0,63,31486493,1448,1369924,50637,5000,1341222,52286521000
174,20060401,13,14,18,22,35,39,16,7,1771103058,0,26,79472574,1325,1559462,63580,5000,1167840,52340568000
175,20060408,19,26,28,31,33,36,17,5,2371132620,0,48,41165497,1347,1466922,58473,5000,1206612,50895147000
176,20060415,4,17,30,32,33,34,15,5,2314663080,0,40,48222148,1535,1256604,50305,5000,1269350,50488528000
177,20060422,1,10,13,16,37,43,6,7,1693285500,0,30,65849992,1260,1567857,61316,5000,1162767,50480325000
178,20060429,1,5,11,12,18,23,9,5,2254621080,0,44,42701157,1566,1199778,50364,5000,1276801,49582758000
179,20060506,5,9,17,25,39,43,32,10,1081093920,0,53,33996665,1540,1170016,51514,5000,1197082,47291694000
180,20060513,2,15,20,21,29,34,22,2,5763371550,0,35,54889253,1284,1496203,61109,5000,1111497,48895477000
181,20060520,14,21,23,32,40,45,44,6,1941763300,0,24,80906805,1233,1574829,64046,5000,1090818,49124446000
182,20060527,13,15,27,29,34,40,35,3,3721439400,0,44,42289085,1228,1515245,63071,5000,1061099,47222594000
183,20060603,2,18,24,34,40,42,5,6,1777221500,0,25,71088860,1294,1373433,52944,5000,1107865,45938460000
184,20060610,1,2,6,16,20,33,41,6,1747753050,0,31,56379131,1331,1313113,55183,5000,1119541,45503351000
185,20060617,1,2,4,8,19,38,14,3,3522485800,0,34,51801262,1228,1434237,53422,5000,1123026,45783088000
186,20060624,4,10,14,19,21,45,9,9,1187882600,0,46,38735303,1169,1524230,60849,5000,1044585,45484428000
187,20060701,1,2,8,18,29,38,42,7,1544733900,0,19,94852082,1253,1438300,60295,5000,1042276,45855961000
188,20060708,19,24,27,30,31,34,36,3,3501405200,0,33,53051594,1320,1326290,57188,5000,1078802,45176242000
189,20060715,8,14,32,35,37,45,28,3,3461775100,0,33,52451138,1085,1595289,66327,5000,956594,43650551000
190,20060722,8,14,18,30,31,44,15,6,1784159450,0,33,54065438,1016,1756063,66337,5000,972973,44864459000
191,20060729,5,6,24,25,32,37,8,4,2577114675,0,23,74698977,1145,1500504,57606,5000,1078156,44534869000
192,20060805,4,8,11,18,37,45,33,4,2445348375,0,38,42900849,1098,1484729,58467,5000,999948,42035065000
193,20060812,6,14,18,26,36,39,13,3,3404449700,0,20,85111243,1135,1499758,58059,5000,1034194,43788477000
194,20060819,15,20,23,26,39,44,28,4,2650567875,0,21,84145012,1072,1648364,65985,5000,971717,44511515000
195,20060826,7,10,19,22,35,40,31,11,918992591,0,66,25527572,1691,996346,47916,5000,1139925,44374725000
196,20060902,35,36,37,41,44,45,30,15,727876520,0,27,67395975,1518,1198743,62663,5000,997606,45773496000
197,20060909,7,12,16,34,42,45,4,6,1803018300,0,42,42929008,1229,1467062,61588,5000,1053122,45993306000
198,20060916,12,19,20,25,41,45,2,6,1797855050,0,25,71914202,1050,1712243,64564,5000,1022466,45614021000
199,20060923,14,21,22,25,30,36,43,2,5344252200,0,23,77452931,1049,1698206,64281,5000,995772,45021068000
200,20060930,5,6,13,14,17,20,7,8,1344616613,0,58,30910727,1387,1292590,54137,5000,1146084,46640423000
201,20061007,3,11,24,38,39,44,26,1,9719465400,0,37,43781376,1347,1202607,53073,5000,1048085,42254768000
202,20061014,12,14,27,33,39,44,17,6,1893391700,0,40,47334793,1232,1536844,60558,5000,1107430,48304034000
203,20061021,1,3,11,24,30,32,7,5,2164564740,0,43,41948930,1328,1358287,53913,5000,1164020,47033359000
204,20061028,3,12,14,35,40,45,5,8,1358347125,0,23,78744761,1180,1534856,62837,5000,1044373,46077750000
205,20061104,1,3,21,29,35,37,30,6,1835221800,0,21,87391515,1098,1671423,65466,5000,1019800,46330516000
206,20061111,1,2,3,15,20,25,43,5,2032859340,0,36,47056930,1549,1093641,50992,5000,1112634,44326979000
207,20061118,3,11,14,31,32,37,38,5,2104673760,0,37,47402563,1203,1457935,57627,5000,1082560,45282336000
208,20061125,14,25,31,34,40,44,24,6,1760767400,0,34,51787277,1224,1438536,54787,5000,1095644,45516378000
209,20061202,2,7,18,20,24,33,37,6,1660896350,0,34,48849893,1358,1223046,50351,5000,1120916,43753377000
210,20061209,10,19,22,23,25,37,39,2,5139085950,0,46,37239754,1298,1319745,53262,5000,1115410,44757963000
211,20061216,12,13,17,20,33,41,8,10,1035800250,0,29,59528750,1308,1319828,53295,5000,1146732,45332675000
212,20061223,11,12,18,21,31,38,8,4,2660747250,0,36,49273098,1228,1444489,55382,5000,1131576,46139120000
213,20061230,2,3,4,5,20,24,42,8,1376678025,0,33,55623355,1977,928463,38462,5000,1300837,48745094000
214,20070106,5,7,20,25,28,37,32,8,1406980875,0,36,52110403,1433,1309124,53433,5000,1239321,49195740000
215,20070113,2,3,7,15,43,44,4,7,1587689615,0,32,57884518,1248,1484219,56218,5000,1130152,47675761000
216,20070120,7,16,17,33,36,40,1,13,848506108,0,63,29181427,2612,703840,46441,5000,1239204,48342018000
217,20070127,16,20,27,33,35,39,38,7,1611246172,0,29,64820249,1206,1558696,58601,5000,1131888,48260644000
218,20070203,1,8,14,18,29,44,20,4,2779075800,0,26,71258354,1203,1540081,61255,5000,1058122,47018314000
219,20070210,4,11,20,26,35,37,16,9,1208409167,0,41,44210092,1292,1402952,56743,5000,1130378,46903745000
220,20070217,5,11,19,21,34,43,31,6,1958094950,0,28,69931963,1317,1486785,58216,5000,1190772,50383399000
221,20070224,2,20,33,35,37,40,10,6,1800104250,0,44,40911461,1608,1119468,47711,5000,1244322,47674135000
222,20070303,5,7,28,29,39,43,44,5,2275193820,0,33,57454390,1105,1715833,66418,5000,1039766,47735197000
223,20070310,1,3,18,20,26,27,38,7,1498170600,0,39,44817070,1416,1234369,51782,5000,1176927,46036874000
224,20070317,4,19,26,27,30,42,7,6,1808969950,0,26,69575768,1158,1562151,59753,5000,1087310,46435109000
225,20070324,5,11,13,19,31,36,7,6,1777201800,0,41,43346386,1287,1380888,54448,5000,1147413,46352016000
226,20070331,2,6,8,14,21,22,34,6,1744100150,0,38,45897373,1305,1336476,54439,5000,1091789,45145643000
227,20070407,4,5,15,16,22,42,2,2,5253542400,0,24,72965867,1103,1587653,61811,5000,999908,44444776000
228,20070414,17,25,35,36,39,44,23,9,1146700334,0,39,44103859,1338,1285539,52122,5000,1103697,44764100000
229,20070421,4,5,9,11,23,38,35,7,1451441100,0,27,62716591,1312,1290662,50156,5000,1158473,44762989000
230,20070428,5,11,14,29,32,33,12,8,1292929163,0,25,68956222,1037,1662397,61190,5000,1028740,44191351000
231,20070505,5,10,19,31,44,45,27,9,1088365900,0,19,85923624,1267,1288516,55051,5000,1031071,42355627000
232,20070512,8,9,10,12,24,44,35,9,1110918400,0,18,92576534,1268,1314178,51274,5000,1090003,43564632000
233,20070519,4,6,13,17,28,40,39,10,999153750,0,26,64048318,1274,1307109,53259,5000,1085013,43516805000
234,20070526,13,21,22,24,26,37,4,4,2519743875,0,23,73036055,1049,1601363,61167,5000,977752,42814085000
235,20070602,21,22,26,27,31,37,8,3,3433330100,0,29,59195347,1178,1457271,57657,5000,962167,43347391000
236,20070609,1,4,8,13,37,39,7,2,5030040150,0,41,40894636,1046,1602945,61553,5000,996396,42941871000
237,20070616,1,11,17,21,24,44,33,7,1440630729,0,39,43095792,1098,1530725,58626,5000,1032839,43358287000
238,20070623,2,4,15,28,31,34,35,9,1121660567,0,29,58016926,1066,1578322,61640,5000,985961,42952477000
239,20070630,11,15,24,39,41,44,7,9,1134140167,0,29,58662423,1083,1570832,60921,5000,984207,43296565000
240,20070707,6,10,16,40,41,43,21,2,5098251450,0,28,60693470,1084,1567728,59238,5000,1020000,43603443000
241,20070714,2,16,24,27,28,35,21,4,2552016300,0,34,50039536,967,1759405,63267,5000,976789,43246894000
242,20070721,4,19,20,21,32,34,43,8,1234542375,0,36,45723792,1245,1322134,54286,5000,1037796,42679760000
243,20070728,2,12,17,19,28,42,34,4,2408850000,0,29,55375863,1089,1474656,59418,5000,973860,41304830000
244,20070804,13,16,25,36,37,38,19,1,9121583100,0,25,60810554,1096,1387103,55353,5000,956629,39411047000
245,20070811,9,11,27,31,32,38,22,7,1382583129,0,35,46086105,1092,1477119,56159,5000,1018014,41854623000
246,20070818,13,18,21,23,26,39,15,5,1911774240,0,26,61274816,1294,1231179,53462,5000,1019950,41453154000
247,20070825,12,15,28,36,39,40,13,6,1669313900,0,29,57562549,1019,1638189,63856,5000,937880,42231698000
248,20070901,3,8,17,23,38,45,13,8,1227479363,0,23,71158224,1155,1417004,55624,5000,1021595,42348403000
249,20070908,3,8,27,31,41,44,11,6,1663568700,0,29,57364438,1169,1423070,59378,5000,984014,42539134000
250,20070915,19,23,30,37,43,45,38,5,1994726280,0,17,97780700,1051,1581610,64771,5000,940138,42122808000
251,20070922,6,7,19,25,28,38,45,8,1282616400,0,40,42753880,1242,1376937,55153,5000,1092296,44493014000
252,20070929,14,23,26,31,39,45,28,7,1391089715,0,24,67622417,1087,1493044,62547,5000,927929,41207920000
253,20071006,8,19,25,31,34,36,33,4,2466189525,0,20,82206318,1169,1406439,57604,5000,1000959,42309347000
254,20071013,1,5,19,20,24,30,27,1,9741015900,0,33,49197050,1225,1325309,54852,5000,1039361,42259113000
255,20071020,1,5,6,24,27,42,32,6,1598618550,0,13,122970658,1054,1516716,57689,5000,1001792,41425341000
256,20071027,4,11,14,21,23,43,32,2,4891017000,0,34,47951148,1192,1367735,57230,5000,997183,41996580000
257,20071103,6,13,27,31,32,37,4,4,2391377025,0,18,88569520,1233,1292986,54996,5000,1014093,41433637000
258,20071110,14,27,30,31,38,40,17,4,2426434350,0,28,57772247,1724,938297,59213,5000,957591,41364428000
259,20071117,4,5,14,35,42,45,34,2,4838533500,0,25,64513780,1030,1565869,64000,5000,916327,40905570000
260,20071124,7,12,15,24,37,40,43,4,2310085575,0,26,59232964,1284,1199422,52871,5000,993479,40140211000
261,20071201,6,11,16,18,31,43,2,3,3192299100,0,32,49879674,1104,1445788,56717,5000,986629,20607538165
262,20071208,9,12,24,25,29,31,36,2,4518741600,0,21,71726058,1106,1361888,54966,5000,966665,19616145108
263,20071215,1,27,28,32,37,40,18,6,1551704900,0,27,57470552,937,1656036,61466,5000,915763,19838573376
264,20071222,9,16,27,36,41,44,5,7,1344889200,0,27,58112497,1047,1498604,62642,5000,891420,19891628839
265,20071229,5,9,34,37,38,39,12,8,1200838575,0,19,84269374,1010,1585266,60459,5000,943159,20456996760
266,20080105,3,4,9,11,22,42,37,3,3207211700,0,36,44544607,1194,1343054,54526,5000,1046548,20968541748
267,20080112,7,8,24,34,36,41,1,3,3257663300,0,28,58172559,1141,1427548,59122,5000,982195,20917945142
268,20080119,3,10,19,24,32,45,12,7,1350954515,0,35,45031818,1362,1157206,50960,5000,1032414,20606907527
269,20080126,5,18,20,36,42,43,32,5,1961399940,0,22,74295453,1014,1611933,64715,5000,918317,20678823238
270,20080202,5,9,12,20,21,26,27,5,1927830060,0,32,50203908,1242,1293499,53724,5000,1032571,20922697382
271,20080209,3,8,9,27,29,40,36,6,1565918150,0,28,55925649,1256,1246751,52709,5000,1016835,20439844690
272,20080216,7,9,12,27,39,43,28,9,1104622800,0,39,42485493,1370,1209442,52419,5000,1081836,21655346728
273,20080223,1,8,24,31,34,44,6,3,3339543100,0,21,79512931,1096,1523515,59431,5000,999390,21408110043
274,20080301,13,14,15,26,35,39,25,4,2505085575,0,37,45136678,1254,1331784,58277,5000,981667,21315887777
275,20080308,14,19,20,35,38,40,26,1,10044066900,0,19,88105850,991,1689215,64813,5000,937627,21164930256
276,20080315,4,15,21,33,39,41,25,3,3312569000,0,31,53428533,1161,1426602,55308,5000,1005281,21283853797
277,20080322,10,12,13,15,25,29,20,3,3272627800,0,31,52784320,1104,1482169,59211,5000,970652,20934378077
278,20080329,3,11,37,39,41,43,13,3,3186530000,0,27,59009815,1089,1463054,57268,5000,979050,20544124135
279,20080405,7,16,31,36,37,38,11,5,1914205320,0,27,59080412,1088,1466150,57566,5000,979253,20565294210
280,20080412,10,11,23,24,36,37,35,7,1355258529,0,27,58560554,1145,1380904,58653,5000,960224,20337006236
281,20080419,1,3,4,6,14,41,12,6,1554683200,0,37,42018465,1491,1042712,41713,5000,1046762,20400303156
282,20080426,2,5,10,18,31,32,30,7,1322052643,0,32,48199836,1523,1012735,46530,5000,1088187,20525598068
283,20080503,6,8,18,31,38,45,42,3,3137224600,0,24,65358846,1061,1478429,59206,5000,930184,20066701007
284,20080510,2,7,15,24,30,45,28,3,3117640300,0,14,111344297,955,1632273,61691,5000,911209,19886739840
285,20080517,13,33,37,40,41,45,2,3,3164370100,0,26,60853272,1017,1555738,61705,5000,924446,20182483433
286,20080524,1,15,19,40,42,44,17,3,3236566300,0,27,59936413,1033,1566586,66246,5000,907802,20472256211
287,20080531,6,12,24,27,35,37,41,7,1328657100,0,37,41894594,1330,1165489,51161,5000,1024120,20311748165
288,20080607,1,12,17,28,35,41,10,4,2357261550,0,24,65479488,1056,1488171,62553,5000,905328,19985090526
289,20080614,3,14,33,37,38,42,10,0,0,9181683900,24,63761694,1019,1501748,58541,5000,933427,19703321500
290,20080621,8,13,18,32,39,45,7,13,2149214424,0,61,51251650,2297,1361059,58573,5000,1892652,49362920581
291,20080628,3,7,8,18,20,42,45,7,1450585200,0,39,43393575,1227,1379258,54144,5000,1093429,22071714263
292,20080705,17,18,31,32,33,34,10,14,720373950,0,37,45428988,1688,995778,50256,5000,1046350,21697345728
293,20080712,1,9,17,21,29,33,24,6,1656764400,0,21,78893543,1154,1435672,54268,5000,988682,21199876103
294,20080719,6,10,17,30,37,38,40,4,2406504975,9626019900,26,61705256,1137,1411027,56496,5000,1005670,20781906500
295,20080726,1,4,12,16,18,38,8,0,0,9823300500,26,62969875,1013,1616207,59131,5000,1006795,21124067500
296,20080802,3,8,15,27,30,45,44,8,3066088275,24528706200,53,46243415,2066,1186303,54498,5000,1528060,31688949500
297,20080809,6,11,19,20,28,32,34,2,5056668750,10113337500,28,60198438,1275,1322005,55032,5000,1055598,21820737500
298,20080816,5,9,27,29,37,40,19,1,9909778500,9909778500,40,41290744,1353,1220717,51970,5000,1076863,21575837500
299,20080823,1,3,20,25,36,45,24,7,1483772529,10386407700,29,59691999,1118,1548362,59575,5000,1043523,22231954500
300,20080830,7,9,10,12,26,38,39,12,836092425,10033109100,34,49181908,1416,1180922,47646,5000,1173790,22232523500
301,20080906,7,11,13,33,37,43,26,7,1447385015,10131695100,47,35927997,1271,1328573,51361,5000,1127567,22188588500
302,20080913,13,19,20,32,38,42,4,2,5472167250,10944334500,44,41455813,1134,1608515,61360,5000,1050784,23191302500
303,20080920,2,14,17,30,38,45,43,6,1672749000,10036494000,29,57681000,1158,1444516,59459,5000,996137,21420880000
304,20080927,4,10,16,26,33,41,38,6,1661646150,9969876900,37,44909356,1426,1165250,53519,5000,1056138,21579326500
305,20081004,7,8,18,21,23,39,9,5,2008210140,10041050700,34,49220837,1377,1215330,50589,5000,1116627,21980329500
306,20081011,4,18,23,30,34,41,19,5,2102669520,10513347600,23,76183679,1219,1437428,61822,5000,995631,22210731000
307,20081018,5,15,21,23,25,45,12,4,2587643250,10350573000,28,61610554,1177,1465672,58085,5000,998517,21940495000
308,20081025,14,15,17,19,37,45,40,1,10232872800,10232872800,27,63165882,978,1743844,63461,5000,977739,21669708000
309,20081101,1,2,5,11,18,36,22,11,901622946,9917852400,25,66119016,1390,1189191,47826,5000,1180353,22078764000
310,20081108,1,5,19,28,34,41,16,8,1296713325,10373706600,29,59619004,1086,1592036,64088,5000,968985,21859041000
311,20081115,4,12,24,27,28,32,10,8,1237691063,9901528500,43,38378018,1363,1210752,50950,5000,1086606,21604607500
312,20081122,2,3,5,6,12,20,25,15,629017820,9435267300,58,27112838,2064,761892,34211,5000,1174521,21127695500
313,20081129,9,17,34,35,43,45,2,6,1715422800,10292536800,26,65977800,1120,1531628,61548,5000,993259,21836048000
314,20081206,15,17,19,34,38,41,2,6,1660512200,9963073200,24,69188009,1067,1556244,60502,5000,967774,21164047000
315,20081213,1,13,33,35,43,45,23,8,1308728625,10469829000,32,54530360,1063,1641554,62091,5000,1001285,22169590000
316,20081220,10,11,21,27,31,39,43,6,1673586400,10041518400,29,57709876,1398,1197130,48967,5000,1129993,22036884000
317,20081227,3,10,11,22,36,39,8,4,2576258550,10305034200,25,68700228,1132,1517232,59672,5000,1037226,22067557000
318,20090103,2,17,19,20,34,45,21,9,1207436600,10866929400,28,64684104,1381,1311481,56531,5000,1109558,23331864000
319,20090110,5,8,22,28,33,42,37,5,2135659380,10678296900,26,68450622,1151,1546235,59833,5000,1044758,22717591500
320,20090117,16,19,23,25,41,45,3,2,5513067900,11026135800,25,73507572,1081,1699991,64412,5000,1048779,23329943000
321,20090124,12,18,20,21,25,34,42,6,1959136100,11754816600,35,55975318,1276,1535374,56960,5000,1213634,25308991000
322,20090131,9,18,29,32,38,43,20,6,1904544700,11427268200,29,65673956,1465,1300031,56158,5000,1155069,24474147000
323,20090207,10,14,15,32,36,42,3,8,1461025388,11688203100,27,72149402,1175,1657902,64085,5000,1086886,24604738500
324,20090214,2,4,21,25,33,36,17,6,1865130350,11190782100,40,46628259,1228,1518836,59710,5000,1132318,23994158500
325,20090221,7,17,20,32,44,45,33,6,1806122450,10836734700,33,54730984,1258,1435710,57677,5000,1115379,23318489500
326,20090228,16,23,25,33,36,39,40,6,1832134550,10992807300,31,59101115,1335,1372386,57177,5000,1123645,23612275500
327,20090307,6,12,13,17,32,44,24,12,882674750,10592097000,39,45265372,1242,1421377,55515,5000,1113349,22895780000
328,20090314,1,6,9,16,17,28,24,6,1819795900,10918775400,30,60659864,1380,1318693,54657,5000,1160113,23658494000
329,20090321,9,17,19,30,35,42,4,6,1830391200,10982347200,33,55466400,1215,1506495,58376,5000,1123033,23599252000
330,20090328,3,4,16,17,19,20,23,9,1162280200,10460521800,32,54481885,1431,1218324,50370,5000,1169806,22929748000
331,20090404,4,9,14,26,31,44,39,5,2165902620,10829513100,45,40109308,1365,1322285,55866,5000,1120341,23320733500
332,20090411,16,17,34,36,42,45,3,8,1359448388,10875587100,37,48989132,1098,1650818,60589,5000,1040036,23021278500
333,20090418,5,14,27,30,39,43,35,7,1550987143,10856910000,36,50263473,1365,1325631,60326,5000,1044336,23009535000
334,20090425,13,15,21,29,39,43,33,7,1523002972,10661020800,31,57317317,1055,1684206,67934,5000,943696,22219828000
335,20090502,5,9,16,23,26,45,21,5,2037492480,10187462400,28,60639658,1222,1389453,56057,5000,1063760,21988739000
336,20090509,3,5,20,34,35,44,16,6,1685632650,10113795900,30,56187755,989,1704381,61422,5000,991580,21534666500
337,20090516,1,5,14,18,32,37,4,8,1257500513,10060004100,33,50808102,1194,1404245,56462,5000,1050539,21716233500
338,20090523,2,13,34,38,42,45,16,3,3383431000,10150293000,39,43377321,1123,1506426,62091,5000,985828,21568010000
339,20090530,6,8,14,21,30,37,45,9,1096778334,9871005000,32,51411485,1107,1486150,60324,5000,968922,21017820000
340,20090606,18,24,26,29,34,38,32,7,1439393186,10075752300,35,47979773,1125,1492705,59752,5000,988004,21446060500
341,20090613,1,8,19,34,39,43,41,7,1497207772,10480454400,33,52931588,1235,1414367,59458,5000,1038791,22361224000
342,20090620,1,13,14,33,34,43,25,3,3454095800,10362287400,29,59553376,1177,1467331,61517,5000,981481,21891094000
343,20090627,1,10,17,29,31,43,15,6,1717153000,10302918000,29,59212173,1096,1566746,63842,5000,986265,21828230000
344,20090704,1,2,15,28,34,45,38,7,1467106543,10269745800,23,74418448,1106,1547581,60593,5000,1018272,21919443000
345,20090711,15,20,23,29,39,42,2,2,5203577550,10407155100,38,45645418,1028,1687282,68394,5000,935832,21765468500
346,20090718,5,13,14,22,44,45,33,5,2017727340,10088636700,26,64670749,1146,1467225,61695,5000,979046,21431194500
347,20090725,3,8,13,27,32,42,10,7,1456624286,10196370000,38,44720922,1399,1214722,53306,5000,1088389,22109870000
348,20090801,3,14,17,20,24,31,34,3,3299994000,9899982000,37,44594514,1222,1350244,50233,5000,1045593,21393155000
349,20090808,5,13,14,20,24,25,36,3,3353209000,10059627000,37,45313636,1168,1435450,56511,5000,1050724,21716935000
350,20090815,1,8,18,24,29,33,35,9,1101052467,9909472200,23,71807770,1197,1379765,57527,5000,1023601,21340547000
351,20090822,5,25,27,29,34,36,33,4,2583357150,10333428600,29,59387521,1137,1514722,62094,5000,1006915,21973746000
352,20090829,5,16,17,20,26,41,24,6,1732858250,10397149500,29,59753733,1166,1486157,58810,5000,1066370,22359772500
353,20090905,11,16,19,22,29,36,26,2,5290838250,10581676500,29,60814233,1042,1692527,65058,5000,983357,22276462500
354,20090912,14,19,36,43,44,45,1,5,2124464340,10622321700,34,52070205,1014,1745944,65187,5000,985566,22354844500
355,20090919,5,8,29,30,35,44,38,5,2145424800,10727124000,24,74493917,1094,1634236,66058,5000,981250,22508525000
356,20090926,2,8,14,25,29,45,24,9,1157185267,10414667400,37,46912917,1263,1374330,56761,5000,1059411,22342479000
357,20091003,10,14,18,21,36,37,5,2,5313394350,10626788700,27,65597462,1116,1587036,62643,5000,1038670,22616204500
358,20091010,1,9,10,12,21,40,37,3,3472654900,10417964700,44,39461988,1382,1256388,50884,5000,1162204,22825914500
359,20091017,1,10,19,20,24,40,23,8,1286712600,10293700800,37,46368022,1656,1036001,46822,5000,1172576,22644128000
360,20091024,4,16,23,25,35,40,27,3,3566716200,10700148600,33,54041155,1208,1476290,59139,5000,1066742,22859516000
361,20091031,5,10,16,24,27,35,33,7,1473115115,10311805800,34,50548068,1463,1174733,51039,5000,1137850,22531338000
362,20091107,2,3,22,27,30,40,29,6,1729424650,10376547900,26,66516333,1173,1474361,60898,5000,1032790,22168181500
363,20091114,11,12,14,21,32,38,6,4,2615910600,10463642400,33,52846679,1216,1434162,58451,5000,1059439,22431974000
364,20091121,2,5,7,14,16,40,4,4,2531914800,10127659200,37,45620087,1259,1340702,53421,5000,1107809,22096002000
365,20091128,5,15,21,25,26,30,31,1,10697716800,10697716800,35,50941509,1181,1509698,57081,5000,1078390,22903033000
366,20091205,5,12,19,26,27,44,38,2,5351553900,10703107800,39,45739777,1617,1103186,49921,5000,1101639,22981083000
367,20091212,3,22,25,29,32,44,19,7,1581736586,11072156100,37,49874578,1049,1759161,66912,5000,1011463,23229653500
368,20091219,11,21,24,30,39,45,26,7,1465825115,10260775800,38,45003403,1195,1431071,59400,5000,1013167,21873023000
369,20091226,17,20,35,36,41,43,21,6,1842177750,11053066500,31,59425089,1157,1592203,62044,5000,1047849,23358137500
370,20100102,16,18,24,42,44,45,17,7,1678941943,11752593600,32,61211425,1168,1677026,64701,5000,1120490,24881326000
371,20100109,7,9,15,26,27,42,18,7,1524130543,10668913800,29,61315597,1201,1480560,57266,5000,1091351,22921583000
372,20100116,8,11,14,16,18,21,13,9,1192593200,10733338800,37,48348373,1368,1307668,57186,5000,1102905,23083533000
373,20100123,15,26,37,42,43,45,9,4,2791801125,11167204500,29,64179337,1117,1666250,64559,5000,1045914,23547532500
374,20100130,11,13,15,17,25,34,26,2,5528717850,11057435700,27,68255776,1398,1318245,52816,5000,1193533,24040659500
375,20100206,4,8,19,25,27,45,7,7,1581284058,11068988400,42,43924558,1279,1442402,56807,5000,1163110,23932469000
376,20100213,1,11,13,24,28,40,7,6,1956915800,11741494800,51,38370899,1411,1386900,56355,5000,1222796,25328548000
377,20100220,6,22,29,37,43,45,23,3,3912085400,11736256200,22,88911032,1198,1632757,66608,5000,1069714,24609217000
378,20100227,5,22,29,31,34,39,43,5,2317698240,11588491200,30,64380507,1124,1718341,64659,5000,1084767,24433482000
379,20100306,6,10,22,31,35,40,19,7,1598999786,11192998500,71,26274645,1342,1390090,60096,5000,1086273,23768842500
380,20100313,1,2,8,17,26,37,27,4,2684274825,10737099300,42,42607537,1464,1222348,46132,5000,1216497,23582185500
381,20100320,1,5,10,12,16,20,11,19,565738895,10749039900,62,28895267,1981,904345,43632,5000,1295480,23971556500
382,20100327,10,15,22,24,27,42,19,6,1846674900,11080049400,32,57708591,1212,1523660,59315,5000,1110296,23700644000
383,20100403,4,15,28,33,37,40,25,3,3596522100,10789566300,28,64223609,1251,1437459,59423,5000,1071990,23033525500
384,20100410,11,22,24,32,36,38,7,3,3658734200,10976202600,41,44618710,1215,1505652,58927,5000,1093509,23444471000
385,20100417,7,12,19,21,29,32,9,7,1542032700,10794228900,36,49973282,1235,1456712,57944,5000,1089646,23121741500
386,20100424,4,7,10,19,31,40,26,10,1042953330,10429533300,59,29461959,1683,1032832,48150,5000,1188177,22953665500
387,20100501,1,26,31,34,40,43,20,4,2675533500,10702134000,26,68603424,1177,1515454,61385,5000,1037940,22729980000
388,20100508,1,8,9,17,29,32,45,4,2545543875,10182175500,30,56567642,1269,1337297,55211,5000,1099590,22154352500
389,20100515,7,16,18,20,23,26,3,5,2119027020,10595135100,36,49051552,1253,1409303,58088,5000,1083785,22767013500
390,20100522,16,17,28,37,39,40,15,1,10373997900,10373997900,37,46729721,1087,1590617,61934,5000,1017927,22094836500
391,20100529,10,11,18,22,28,39,30,1,10508749800,10508749800,32,54733072,1337,1309992,57611,5000,1075408,22580758000
392,20100605,1,3,7,8,24,42,43,6,1713528700,10281172200,30,57117624,1504,1139315,46358,5000,1201278,22764342000
393,20100612,9,16,28,40,41,43,21,8,1362003975,10896031800,35,51885866,1072,1694035,64915,5000,1023967,22994558000
394,20100619,1,13,20,22,25,28,15,1,10654349100,10654349100,33,53809844,1204,1474855,63081,5000,1025322,22596168500
395,20100626,11,15,20,26,31,35,7,7,1534635000,10742445000,42,42628750,1420,1260851,55718,5000,1104179,23096290000
396,20100703,18,20,31,34,40,45,30,2,5296622400,10593244800,34,51927671,1202,1468836,57336,5000,1078116,22731868000
397,20100710,12,13,17,22,25,33,8,3,3499519700,10498559100,31,56443867,1366,1280937,52265,5000,1157839,22945003500
398,20100717,10,15,20,23,42,44,7,4,2680625550,10722502200,31,57647862,1112,1607090,62263,5000,1027115,22713652000
399,20100724,1,2,9,17,19,42,20,8,1276854975,10214839800,40,42561833,1462,1164483,44222,5000,1228740,22775893000
400,20100731,9,21,27,34,41,43,2,4,2669834325,10679337300,30,59329652,1254,1419370,60192,5000,1038623,22689865500
401,20100807,6,12,18,31,38,43,9,9,1168214792,10513933125,29,60424904,1355,1293227,50000,5000,1010483,21745982500
402,20100814,5,9,15,19,22,36,32,4,2662206188,10648824750,41,43287906,1271,1396385,50000,5000,1098020,22501473000
403,20100821,10,14,22,24,28,37,26,5,2122396875,10611984375,43,41131723,1321,1338883,50000,5000,1094542,22455667500
404,20100828,5,20,21,24,33,40,36,3,3566659375,10699978125,26,68589604,1273,1400888,50000,5000,1114926,22694912500
405,20100904,1,2,10,25,26,44,4,3,3543878000,10631634000,35,50626829,1283,1381091,50000,5000,1120589,22610452000
406,20100911,7,12,21,24,27,36,45,5,2156142450,10780712250,33,54448042,1442,1246038,50000,5000,1133408,23031103000
407,20100918,6,7,13,16,24,25,1,7,1649707286,11547951000,27,71283649,1268,1517870,50000,5000,1175478,24214793000
408,20100925,9,20,21,22,30,37,16,5,2235375825,11176879125,33,56448885,1244,1497439,50000,5000,1102543,23203355500
409,20101002,6,9,21,31,32,40,38,4,2896989750,11587959000,36,53647959,1320,1463127,50000,5000,1126589,23962292000
410,20101009,1,3,18,32,40,41,16,9,1249335709,11244021375,37,50648745,1303,1438223,50000,5000,1156247,23733908500
411,20101016,11,14,22,35,37,39,5,12,953227563,11438730750,36,52957087,1318,1446476,50000,5000,1106323,23629561000
412,20101023,4,7,39,41,42,45,40,7,1656199822,11593398750,34,56830387,1223,1579913,50000,5000,1077371,23533090000
413,20101030,2,9,15,23,34,40,3,4,2814673500,11258694000,36,52123584,1256,1493989,50000,5000,1126377,23462862000
414,20101106,2,14,15,22,23,44,43,1,11703832500,11703832500,35,55732536,1220,1598885,50000,5000,1042799,23455495000
415,20101113,7,17,20,26,30,40,24,8,1334182407,10673459250,35,50825997,1587,1120927,50000,5000,1187298,23373024000
416,20101120,5,6,8,11,22,26,44,10,1072037100,10720371000,32,55835266,1501,1190359,50000,5000,1194028,23427403000
417,20101127,4,5,14,20,22,43,44,4,2818329938,11273319750,34,55261372,1181,1590929,50000,5000,1061915,22984128000
418,20101204,11,13,15,26,28,34,31,8,1435649766,11485198125,46,41613037,1316,1454560,50000,5000,1088724,23529027500
419,20101211,2,11,13,14,28,30,7,3,3796490750,11389472250,33,57522588,1194,1589821,50000,5000,1073967,23254148000
420,20101218,4,9,10,29,31,34,27,8,1424856375,11398851000,35,54280243,1187,1600513,50000,5000,1129723,23672738000
421,20101225,6,11,26,27,28,44,30,5,2321144325,11605721625,36,53730193,1203,1607887,50000,5000,1115064,23876010500
422,20110101,8,15,19,21,34,44,12,6,2205251375,13231508250,21,105011971,1293,1705531,50000,5000,1169582,26365301000
423,20110108,1,17,27,28,29,40,5,3,3896153875,11688461625,47,41448446,1432,1360389,50000,5000,1221858,24834155500
424,20110115,10,11,26,31,34,44,30,10,1109480813,11094808125,51,36257543,1686,1096759,50000,5000,1236872,24364222500
425,20110122,8,10,14,27,33,38,3,8,1534833000,12278664000,41,49913269,1297,1577829,50000,5000,1178366,25229847000
426,20110129,4,17,18,27,39,43,19,4,3057233625,12228934500,63,32351679,1463,1393135,50000,5000,1247222,25733296000
427,20110205,6,7,15,24,28,30,21,1,12571445625,12571445625,33,63492150,1415,1480736,50000,5000,1257569,26255527500
428,20110212,12,16,19,22,37,40,8,9,1437683209,12939148875,30,71884161,1568,1375335,50000,5000,1335641,27342503500
429,20110219,3,23,28,34,39,42,16,9,1485904709,13373142375,37,60239381,1389,1604649,50000,5000,1220343,26996916500
430,20110226,1,3,16,18,30,34,44,8,1611763219,12894105750,45,47755948,1449,1483104,50000,5000,1252210,26597436000
431,20110305,18,22,25,31,38,45,6,10,1268434013,12684340125,43,49164110,1337,1581195,50000,5000,1183309,25830973500
432,20110312,2,3,5,11,27,39,33,5,2299427550,11497137750,48,39920618,1747,1096846,50000,5000,1416968,26174287000
433,20110319,19,23,29,33,35,43,27,11,1182294410,13005238500,41,52866824,1278,1696041,50000,5000,1179773,26198303000
434,20110326,3,13,20,24,33,37,35,8,1480060266,11840482125,37,53335506,1867,1056998,50000,5000,1298027,25789719500
435,20110402,8,16,26,30,38,45,42,10,1287550013,12875500125,31,69223119,1426,1504851,50000,5000,1191585,26170633500
436,20110409,9,14,20,22,33,34,28,8,1512266579,12098132625,44,45826260,1425,1414987,50000,5000,1225532,25434508500
437,20110416,11,16,29,38,41,44,21,6,2096245438,12577472625,33,63522590,1286,1630051,50000,5000,1146395,25399208500
438,20110423,6,12,20,26,29,38,45,9,1377142167,12394279500,41,50383250,1303,1585352,50000,5000,1148126,25185021000
439,20110430,17,20,30,31,37,40,25,6,1900077375,11400464250,33,57578103,1437,1322253,50000,5000,1251408,24840354000
440,20110507,10,22,28,34,36,44,2,6,1995873000,11975238000,41,48679830,1495,1335033,50000,5000,1173371,24905389000
441,20110514,1,23,28,30,34,35,9,4,3170417063,12681668250,42,50324081,1127,1875432,50000,5000,1106364,25136061000
442,20110521,25,27,29,36,38,40,41,9,1413413042,12720717375,27,78522947,1271,1668073,50000,5000,1157819,25609971500
443,20110528,4,6,10,19,20,44,14,9,1327597584,11948378250,41,48570644,1668,1193883,50000,5000,1269365,25618036000
444,20110604,11,13,23,35,43,45,17,3,4154188625,12462565875,26,79888243,1270,1635508,50000,5000,1154802,25336764500
445,20110611,13,20,21,30,39,45,32,7,1791683036,12541781250,28,74653460,1183,1766946,50000,5000,1109154,25026540000
446,20110618,1,11,12,14,26,35,6,3,4051247625,12153742875,41,49405459,1375,1473181,50000,5000,1206163,25297620500
447,20110625,2,7,8,9,17,33,34,4,2657941125,10631764500,31,57160025,1721,1029612,50000,5000,1362856,24777521000
448,20110702,3,7,13,27,40,41,36,3,4026212750,12078638250,35,57517325,1422,1415687,50000,5000,1265518,25670631000
449,20110709,3,10,20,26,35,43,36,3,4059715250,12179145750,39,52047632,1295,1567458,50000,5000,1181325,25107136000
450,20110716,6,14,19,21,23,31,13,6,1990391625,11942349750,34,58540931,1349,1475458,50000,5000,1182817,24866018000
451,20110723,12,15,20,24,30,38,29,13,882138952,11467806375,31,61654873,1612,1185671,50000,5000,1257427,24930583500
452,20110730,8,10,18,30,32,34,27,9,1276902000,11492118000,48,39903188,1298,1475619,50000,5000,1180690,24228379000
453,20110806,12,24,33,38,40,42,30,5,2262732375,11313661875,36,52378065,1412,1335419,50000,5000,1166739,24027562500
454,20110813,13,25,27,34,38,41,10,7,1609125590,11263879125,43,43658447,1397,1343818,50000,5000,1166347,24194605500
455,20110820,4,19,20,26,30,35,24,7,1635711483,11449980375,32,59635315,1448,1317908,50000,5000,1203640,24384925500
456,20110827,1,7,12,18,23,27,44,7,1598505054,11189535375,39,47818528,1616,1154037,50000,5000,1277132,24710340500
457,20110903,8,10,18,23,27,40,33,10,1159902825,11599028250,47,41131306,1506,1283647,50000,5000,1223678,24839526000
458,20110910,4,9,10,32,36,40,18,8,1608812625,12870501000,52,41251606,1433,1496918,50000,5000,1291067,26889128000
459,20110917,4,6,10,14,25,40,12,7,1655842233,11590895625,46,41995999,1532,1260977,50000,5000,1241933,24945047500
460,20110924,8,11,28,30,43,45,41,4,3180895782,12723583125,30,70686573,1307,1622493,50000,5000,1198958,25958817500
461,20111001,11,18,26,31,37,40,43,6,1948674875,11692049250,32,60896090,1717,1134931,50000,5000,1265889,25312294000
462,20111008,3,20,24,32,37,45,4,8,1483559297,11868474375,39,50719976,1394,1418996,50000,5000,1165116,24662777500
463,20111015,23,29,31,33,34,44,40,0,0,12140599125,37,54687384,1254,1613584,50000,5000,1124054,24602575500
464,20111022,6,12,15,34,42,44,4,13,3355721106,43624374375,78,67273025,3145,1668457,50000,5000,2845699,63386137000
465,20111029,1,8,11,13,22,38,31,7,1923662893,13465640250,46,48788552,1733,1295023,50000,5000,1441082,28896647000
466,20111105,4,10,13,23,32,44,20,9,1530313459,13772821125,55,41735822,1746,1314703,50000,5000,1412345,29157376500
467,20111112,2,12,14,17,24,40,39,9,1435441084,12918969750,33,65247322,1811,1188936,50000,5000,1500359,28691953000
468,20111119,8,13,15,28,37,43,17,9,1527197167,13744774500,33,69418054,1457,1572269,50000,5000,1259772,27799276000
469,20111126,4,21,22,34,37,38,33,4,3330131250,13320525000,33,67275379,1277,1738519,50000,5000,1192748,26682470000
470,20111203,10,16,20,39,41,42,27,3,4333330625,12999991875,27,80246864,1390,1558753,50000,5000,1280698,26956482500
471,20111210,6,13,29,37,39,41,43,7,1939332858,13575330000,30,75418500,1219,1856075,50000,5000,1160729,26746170000
472,20111217,16,25,26,31,36,43,44,7,1809656090,12667592625,23,91794150,1352,1561587,50000,5000,1202370,25964603500
473,20111224,8,13,20,22,23,36,34,4,3250418063,13001672250,36,60192928,1313,1650378,50000,5000,1217388,26433618000
474,20111231,4,13,18,31,33,45,43,15,936690800,14050362000,48,48785980,1738,1347369,50000,5000,1419386,29489241000
475,20120107,1,9,14,16,21,29,3,8,1693923047,13551384375,33,68441336,1486,1519896,50000,5000,1314839,28021637500
476,20120114,9,12,13,15,37,38,27,4,3439851469,13759405875,34,67448069,1294,1772206,50000,5000,1273552,27795909500
477,20120121,14,25,29,32,33,45,37,8,1919011829,15352094625,33,77535832,1474,1735877,50000,5000,1330755,30400704500
478,20120128,18,29,30,37,39,43,8,14,987224759,13821146626,35,65814984,1285,1792627,50000,5000,1209664,27487950500
479,20120204,8,23,25,27,35,44,24,6,2233046500,13398279000,34,65677839,1389,1607665,50000,5000,1270037,27424417000
480,20120211,3,5,10,17,30,31,16,4,2996742282,11986969125,50,39956564,1983,1007478,50000,5000,1480488,27707840500
481,20120218,3,4,23,29,40,41,20,3,4639355750,13918067250,34,68225820,1294,1792642,50000,5000,1253853,27821308000
482,20120225,1,10,16,24,25,35,43,7,1897921179,13285448250,30,73808046,1639,1350971,50000,5000,1372337,28100726000
483,20120303,12,15,19,22,28,34,5,5,2567196675,12835983375,53,40364728,1886,1134322,50000,5000,1385961,27791329500
484,20120310,1,3,27,28,32,45,11,6,2305303063,13831818375,32,72040721,1343,1716533,50000,5000,1268929,27942989500
485,20120317,17,22,26,27,36,39,20,9,1501474917,13513274250,33,68248860,1406,1601859,50000,5000,1312131,27846439000
486,20120324,1,2,23,25,38,40,43,13,1008634125,13112243625,29,75357722,1501,1455946,50000,5000,1305105,27270411500
487,20120331,4,8,25,27,37,41,21,8,1638830766,13110646125,46,47502342,1587,1376880,50000,5000,1343368,27638251500
488,20120407,2,8,17,30,31,38,25,10,1330393575,13303935750,33,67191595,1345,1648567,50000,5000,1251965,27106546000
489,20120414,2,4,8,15,20,27,11,6,2106360625,12638163750,52,40506936,1538,1369546,50000,5000,1304870,26779245000
490,20120421,2,7,26,29,40,43,42,7,1860234161,13021639125,29,74837007,1357,1599318,50000,5000,1194319,26295060500
491,20120428,8,17,35,36,39,42,4,4,3304634438,13218537750,31,71067408,1360,1619919,50000,5000,1203229,26706937000
492,20120505,22,27,31,35,37,40,42,5,2493013800,12465069000,40,51937788,1434,1448753,50000,5000,1222863,25846727000
493,20120512,20,22,26,33,36,37,25,9,1451120334,13060083000,27,80617797,1342,1621968,50000,5000,1224401,26615919000
494,20120519,5,7,8,15,30,43,22,12,1054588407,12655060875,40,52729421,1539,1370486,50000,5000,1291501,26660794500
495,20120526,4,13,22,27,34,44,6,6,2111645000,12669870000,44,47991932,1568,1346713,50000,5000,1305724,26822980000
496,20120602,4,13,20,29,36,41,39,4,3285932250,13143729000,46,47622207,1389,1577122,50000,5000,1186168,26457902000
497,20120609,19,20,23,24,43,44,13,6,2222817813,13336906875,30,74093928,1148,1936253,50000,5000,1135925,26205792500
498,20120616,13,14,24,32,39,41,3,4,3244503094,12978012375,35,61800059,1334,1621441,50000,5000,1209456,26425626500
499,20120623,5,20,23,27,35,40,43,3,4070480250,12211440750,46,44244351,1514,1344281,50000,5000,1330769,26383816000
500,20120630,3,4,12,20,24,34,41,9,1351072375,12159651375,68,29803068,1831,1106832,50000,5000,1395750,27006133500
501,20120707,1,4,10,17,31,42,2,4,3025200094,12100800375,61,33062297,1639,1230507,50000,5000,1351480,26358855500
502,20120714,6,22,28,32,34,40,26,6,2201458125,13208748750,31,71014779,1482,1485465,50000,5000,1247810,27000320000
503,20120721,1,5,27,30,34,36,40,7,1853634911,12975444375,42,51489859,1292,1673819,50000,5000,1270045,26786102500
504,20120728,6,14,22,26,43,44,31,9,1443236959,12989132625,29,74650188,1294,1672995,50000,5000,1146954,25893518500
505,20120804,7,20,22,25,38,40,44,6,1917955188,11507731125,38,50472505,1440,1331914,50000,5000,1215256,24551611500
506,20120811,6,9,11,22,24,30,31,3,4073333875,12220001625,33,61717180,1588,1282536,50000,5000,1301687,26181655500
507,20120818,12,13,32,33,40,41,4,9,1416438875,12747949875,29,73264080,1473,1442403,50000,5000,1305236,26819386500
508,20120825,5,27,31,34,35,43,37,8,1599557860,12796462875,31,68798188,1596,1336306,50000,5000,1311144,27005195500
509,20120901,12,25,29,35,42,43,24,5,2689076100,13445380500,34,65908728,1228,1824835,50000,5000,1170462,26695179000
510,20120908,12,29,32,33,39,40,42,5,2644158150,13220790750,25,88138605,1319,1670558,50000,5000,1244788,26982496000
511,20120915,3,7,14,23,26,42,24,6,2165579250,12993475500,37,58529169,1524,1420984,50000,5000,1282881,26985154000
512,20120922,4,5,9,13,26,27,1,13,940094452,12221227875,52,39170603,1682,1210982,50000,5000,1402582,27008900500
513,20120929,5,8,21,23,27,33,12,3,4589624750,13768874250,54,42496526,1626,1411324,50000,5000,1421308,29158774000
514,20121006,1,15,20,26,35,42,9,3,4451055500,13353166500,36,61820216,1362,1634015,50000,5000,1252890,27226202000
515,20121013,2,11,12,15,23,37,8,1,13200466875,13200466875,35,62859367,1450,1517296,50000,5000,1334298,27629467500
516,20121020,2,8,23,41,43,44,30,11,1294190182,14236092000,32,74146313,1338,1773305,50000,5000,1238569,28192881000
517,20121027,1,9,12,28,36,41,10,5,2659057725,13295288625,40,55397036,1493,1484181,50000,5000,1265264,27234111500
518,20121103,14,23,30,32,34,38,6,6,2263804125,13582824750,34,66582475,1349,1678135,50000,5000,1271469,27660783000
519,20121110,6,8,13,16,30,43,3,7,1950601393,13654209750,32,71115676,1357,1677010,50000,5000,1279049,27807103000
520,20121117,4,22,27,28,38,40,1,6,2167205438,13003232625,37,58573120,1627,1332026,50000,5000,1339757,27501898500
521,20121124,3,7,18,29,32,36,19,8,1693420922,13547367375,53,42601785,1612,1400679,50000,5000,1327278,28092686500
522,20121201,4,5,13,14,37,41,11,6,2281623000,13689738000,39,58503154,1495,1526170,50000,5000,1371579,28526689000
523,20121208,1,4,37,38,40,45,7,7,1780355840,12462490875,43,48304229,1557,1334029,50000,5000,1328767,26839224500
524,20121215,10,11,29,38,41,45,21,4,3491695594,13966782375,36,64661030,1338,1739759,50000,5000,1232319,27831051500
525,20121222,11,23,26,29,39,44,22,9,1501132375,13510191375,41,54919478,1543,1459300,50000,5000,1291357,27783003500
526,20121229,7,14,17,20,35,39,31,9,1491031959,13419287625,49,45643836,1539,1453248,50000,5000,1370976,28263903500
527,20130105,1,12,22,32,33,42,38,13,1032386366,13421022750,29,77132315,1967,1137183,50000,5000,1372725,28492817000
528,20130112,5,17,25,31,39,40,10,11,1197889125,13176780375,86,25536397,1811,1212662,50000,5000,1455967,28774270500
529,20130119,18,20,24,27,31,42,39,8,1749114797,13992918375,33,70671305,1502,1552699,50000,5000,1359055,28822889500
530,20130126,16,23,27,29,33,41,22,11,1231656239,13548218625,40,56450911,1449,1558342,50000,5000,1332395,28120541500
531,20130202,1,5,9,21,27,35,45,9,1521519750,13693677750,42,54339992,1618,1410557,50000,5000,1397915,28783532000
532,20130209,16,17,23,24,29,44,3,7,2216896286,15518274000,26,99476116,1480,1747554,50000,5000,1364371,30843692000
533,20130216,9,14,15,17,31,33,23,8,1785671579,14285372625,44,54111260,1517,1569477,50000,5000,1413091,29637678500
534,20130223,10,24,26,29,37,38,32,1,14215763250,14215763250,55,43078071,1537,1541506,50000,5000,1413982,29613731000
535,20130302,11,12,14,15,18,39,34,3,4935603000,14806809000,31,79606500,1512,1632144,50000,5000,1414774,30261942000
536,20130309,7,8,18,32,37,43,12,11,1308523603,14393759625,40,59973999,1676,1431361,50000,5000,1418487,29881734500
537,20130316,12,23,26,30,36,43,11,7,2104038911,14728272375,35,70134631,1444,1699940,50000,5000,1341894,29726661500
538,20130323,6,10,18,31,32,34,11,3,4688021625,14064064875,48,48833559,1724,1359636,50000,5000,1431934,29616686500
539,20130330,3,19,22,31,42,43,26,9,1621036667,14589330000,42,57894167,1519,1600761,50000,5000,1347641,29584435000
540,20130406,3,12,13,15,34,36,14,7,1989365250,13925556750,26,89266390,1409,1647216,50000,5000,1308265,28369829000
541,20130413,8,13,26,28,32,34,43,11,1269327171,13962598875,40,58177496,1444,1611565,50000,5000,1321641,28543523500
542,20130420,5,6,19,26,41,45,34,6,2335152563,14010915375,26,89813561,1456,1603814,50000,5000,1309982,28474580500
543,20130427,13,18,26,31,34,44,12,12,1112934844,13355218125,47,47358930,1968,1131032,50000,5000,1363980,28285122500
544,20130504,5,17,21,25,36,44,10,13,1046388433,13603049625,47,48237765,1527,1484725,50000,5000,1311359,28028094500
545,20130511,4,24,25,27,34,35,2,11,1198994353,13188937875,42,52337056,1497,1468375,50000,5000,1385508,27983585500
546,20130518,8,17,20,27,37,43,6,30,405939950,12178198500,55,36903632,3110,652637,50000,5000,1486771,28356583000
547,20130525,6,7,15,22,34,39,28,5,2838444450,14192222250,54,43803156,1548,1528018,50000,5000,1334118,28984233000
548,20130601,1,12,13,21,32,45,14,8,1736871891,13894975125,46,50344113,1646,1406944,50000,5000,1371043,28885913500
549,20130608,29,31,35,38,40,44,17,8,1760805047,14086440375,35,67078288,1487,1578844,50000,5000,1286307,28432305500
550,20130615,1,7,14,20,34,37,41,11,1118679205,12305471250,58,35360550,2728,751801,50000,5000,1434726,28220885000
551,20130622,3,6,20,24,27,44,25,1,13526973750,13526973750,32,70452989,1440,1565622,50000,5000,1392918,28494685000
552,20130629,1,10,20,32,35,40,43,10,1330824225,13308242250,45,49289787,1808,1226793,50000,5000,1435556,28801193000
553,20130706,2,7,17,28,29,39,37,6,2249631438,13497788625,52,43262144,1647,1365897,50000,5000,1351860,28243741500
554,20130713,13,14,17,32,41,42,6,2,6813893625,13627787250,41,55397510,1484,1530525,50000,5000,1309973,28062233000
555,20130720,11,17,21,24,26,36,12,8,1711027360,13688218875,46,49594996,1554,1468063,50000,5000,1376384,28636908500
556,20130727,12,20,23,28,30,44,43,7,2005209161,14036464125,41,57058798,1411,1657981,50000,5000,1332680,28687395500
557,20130803,4,20,26,28,35,40,31,7,1888069286,13216485000,43,51226687,1503,1465568,50000,5000,1314692,27543280000
558,20130810,12,15,19,26,40,43,29,10,1315913663,13159136625,51,43003715,1408,1557663,50000,5000,1285760,27469500500
559,20130817,11,12,25,32,44,45,23,7,1926145608,13483019250,42,53504045,1566,1434975,50000,5000,1315078,27866709000
560,20130824,1,4,20,23,29,45,28,7,1976697215,13836880500,40,57653669,1476,1562431,50000,5000,1310111,28282649000
561,20130831,5,7,18,37,42,45,20,5,2753712225,13768561125,41,55969761,1434,1600252,50000,5000,1328008,28319191500
562,20130907,4,11,13,17,20,31,33,11,1166694614,12833640750,51,41940003,1789,1195607,50000,5000,1442522,28144106000
563,20130914,5,10,16,17,31,32,21,7,1932735643,13529149500,38,59338375,1642,1373239,50000,5000,1406422,28660066000
564,20130921,14,19,25,26,27,34,2,7,1934801143,13543608000,32,70539625,1649,1368871,50000,5000,1443406,29006234000
565,20130928,4,10,18,27,40,45,38,8,1742064469,13936515750,39,59557760,1866,1244777,50000,5000,1472229,29778311000
566,20131005,4,5,6,25,26,43,41,4,3508951032,14035804125,35,66837163,1555,1504374,50000,5000,1352273,28833305500
567,20131012,1,10,15,16,32,41,28,6,2318659438,13911956625,53,43748292,1547,1498811,50000,5000,1349142,28719735500
568,20131019,1,3,17,20,31,44,40,10,1305167550,13051675500,50,43505585,1845,1179014,50000,5000,1499565,28840814000
569,20131026,3,6,13,23,24,35,1,4,3467925188,13871700750,36,64220837,1706,1355188,50000,5000,1412578,29220951000
570,20131102,1,12,26,27,29,33,42,9,1527791625,13750124625,38,60307565,1573,1456890,50000,5000,1402263,28827139500
571,20131109,11,18,21,26,38,43,29,7,1966538465,13765769250,33,69524088,1506,1523437,50000,5000,1313649,28246764000
572,20131116,3,13,18,33,37,45,1,8,1668216188,13345729500,53,41967703,1734,1282750,50000,5000,1358045,28236801000
573,20131123,2,4,20,34,35,43,14,8,1645691766,13165534125,50,43885114,1622,1352809,50000,5000,1389170,28046360500
574,20131130,14,15,16,19,25,43,2,2,6965184938,13930369875,33,70355404,1259,1844106,50000,5000,1254632,27941466500
575,20131207,2,8,20,30,33,34,6,8,1699267875,13594143000,45,50348678,1488,1522642,50000,5000,1334510,28165369000
576,20131214,10,11,15,25,35,41,13,3,4321966000,12965898000,54,40018204,1561,1384359,50000,5000,1321033,27345574000
577,20131221,16,17,22,31,34,37,33,3,4484438375,13453315125,42,53386172,1526,1469345,50000,5000,1402753,28505413500
578,20131228,5,12,14,32,34,42,16,5,2796466575,13982332875,43,54195089,1615,1442966,50000,5000,1408788,29292370500
579,20140104,5,7,20,22,37,42,39,11,1396068444,15356752884,46,55640409,1769,1446840,50000,5000,1494880,31766435500
580,20140111,5,7,9,11,32,35,33,7,2028610500,14200273500,42,56350292,1665,1421449,50000,5000,1489228,30257108000
581,20140118,3,5,14,20,42,44,33,8,1844554547,14756436376,39,63061694,1384,1777028,50000,5000,1399451,30128728500
582,20140125,2,12,14,33,40,41,25,4,3560558719,14242234876,57,41643962,1631,1455369,50000,5000,1415205,29653476500
583,20140201,8,17,27,33,40,44,24,11,1341848353,14760331883,51,48236379,1826,1347238,50000,5000,1536082,31337647500
584,20140208,7,18,30,39,40,41,36,3,5033183250,15099549750,32,78643489,1464,1718984,50000,5000,1407590,30671928000
585,20140215,6,7,10,16,38,41,4,9,1620546334,14584917006,45,54018212,1528,1590851,50000,5000,1420352,30126501000
586,20140222,2,7,12,15,21,34,5,8,1778354344,14226834752,46,51546503,1570,1510280,50000,5000,1429326,29751048000
587,20140301,14,21,29,31,32,37,17,3,4974577375,14923732125,43,57843923,1437,1730890,50000,5000,1329666,29857749500
588,20140308,2,8,15,22,25,41,30,5,2889342075,14446710375,43,55995002,1676,1436626,50000,5000,1395925,29766550500
589,20140315,6,8,28,33,38,39,22,7,2136877983,14958145881,42,59357722,1559,1599118,50000,5000,1380227,30321864500
590,20140322,20,30,36,38,41,45,23,7,2185183983,15296287881,31,82238107,1370,1860863,50000,5000,1292540,30001565500
591,20140329,8,13,14,30,38,39,5,5,2964676200,14823381000,38,65014829,1483,1665923,50000,5000,1326229,29686973000
592,20140405,2,5,6,13,28,44,43,6,2356381688,14138290128,28,84156489,1406,1675948,50000,5000,1361306,29048738500
593,20140412,9,10,13,24,33,38,28,9,1532833500,13795501500,62,37084682,1818,1264715,50000,5000,1473192,29684102000
594,20140419,2,8,13,25,28,37,3,11,1255592796,13811520756,42,54807623,1750,1315383,50000,5000,1382762,28882221000
595,20140426,8,24,28,35,38,40,5,8,1744525219,13956201752,54,43074697,1501,1549656,50000,5000,1360770,28898644000
596,20140503,3,4,12,14,25,43,17,10,1328267663,13282676630,41,53994621,1651,1340872,50000,5000,1395699,28280535500
597,20140510,8,10,23,24,35,43,37,13,1057920606,13752967878,46,49829594,1532,1496189,50000,5000,1337392,28416180500
598,20140517,4,12,24,33,38,45,22,16,833998594,13343977504,50,44479925,2053,1083291,50000,5000,1421535,28759275000
599,20140524,5,12,17,29,34,35,27,8,1710918329,13687346632,43,53051732,1685,1353843,50000,5000,1378335,28690895500
600,20140531,5,11,14,27,29,36,44,15,901798725,13526980875,41,54987728,1518,1485176,50000,5000,1337389,28186259500
601,20140607,2,16,19,31,34,35,37,9,1524565209,13721086881,28,81673137,1516,1508475,50000,5000,1279345,27934227500
602,20140614,13,14,22,27,30,38,2,8,1689530860,13516246880,42,53635901,1675,1344901,50000,5000,1330444,28131427500
603,20140621,2,19,25,26,27,43,28,4,3452136563,13808546252,30,76714146,1363,1688500,50000,5000,1300592,28138325000
604,20140628,2,6,18,21,33,34,30,11,1229141557,13520557127,36,62595172,1451,1553016,50000,5000,1343372,28133199500
605,20140705,1,2,7,9,10,38,42,9,1394232250,12548090250,40,52283710,2286,914851,50000,5000,1481650,28311462000
606,20140712,1,5,6,14,20,39,22,10,1311566850,13115668500,44,49680563,1542,1417604,50000,5000,1451063,28464448000
607,20140719,8,14,23,36,38,39,13,4,3494480907,13977923628,35,66561542,1448,1608878,50000,5000,1295169,28403106500
608,20140726,4,8,18,19,39,44,41,7,1943530018,13604710126,32,70857866,1516,1495681,50000,5000,1319067,28073058500
609,20140802,4,8,27,34,39,40,13,2,6339311438,12678622876,47,44959656,1621,1303581,50000,5000,1382276,27429100500
610,20140809,14,18,20,23,28,36,33,4,3516018375,14064073500,34,68941537,1398,1676690,50000,5000,1291830,28431378000
611,20140816,2,22,27,33,36,37,14,4,3502706157,14010824628,47,49683776,1486,1571425,50000,5000,1335124,28705539500
612,20140823,6,9,18,19,25,33,40,11,1181705250,12998757750,59,36719655,1833,1181921,50000,5000,1452647,28465657000
613,20140830,7,8,11,16,41,44,35,9,1549831209,13948480881,30,77491561,1538,1511539,50000,5000,1379102,28993124500
614,20140906,8,21,25,39,40,44,18,6,2540975438,15245852628,46,55238597,1523,1668402,50000,5000,1442675,31150988500
615,20140913,10,17,18,19,23,27,35,9,1535062417,13815561753,31,74277214,1670,1378799,50000,5000,1468969,29536189000
616,20140920,5,13,18,23,40,45,3,9,1611811250,14506301250,49,49341161,1700,1422187,50000,5000,1433685,30151680000
617,20140927,4,5,11,12,24,27,28,8,1629701860,13037614880,43,50533391,1993,1090284,50000,5000,1577580,29479061500
618,20141004,8,16,25,30,42,43,15,5,2881326225,14406631125,45,53357894,1581,1518726,50000,5000,1337756,29275401500
619,20141011,6,8,13,30,35,40,21,3,4612479375,13837438125,59,39088809,1712,1347103,50000,5000,1440693,29411462500
620,20141018,2,16,17,32,39,45,40,7,2028283233,14197982631,44,53780238,1661,1424643,50000,5000,1346466,29171388500
621,20141025,1,2,6,16,19,42,9,6,2359723500,14158341000,62,38060057,1555,1517508,50000,5000,1421200,29703608000
622,20141101,9,15,16,21,28,34,24,9,1630598292,14675384628,34,71938160,1629,1501472,50000,5000,1349735,29800664500
623,20141108,7,13,30,39,41,45,25,8,1813702594,14509620752,35,69093433,1456,1660900,50000,5000,1320983,29252071000
624,20141115,1,7,19,26,27,35,16,5,2763729450,13818647250,61,37755867,1574,1463220,50000,5000,1390380,28916363000
625,20141122,3,6,7,20,21,39,13,5,2765184675,13825923375,45,51207124,1654,1393181,50000,5000,1438163,29307489500
626,20141129,13,14,26,33,40,43,15,8,1717871110,13742968880,45,50899885,1766,1296996,50000,5000,1459297,29493093500
627,20141206,2,9,22,25,31,45,12,10,1352230650,13522306500,35,64391936,1532,1471096,50000,5000,1320346,27990667000
628,20141213,1,7,12,15,23,42,11,9,1499942875,13499485875,37,60808495,1628,1382012,50000,5000,1405799,28626554500
629,20141220,19,28,31,38,43,44,1,5,2919433575,14597167875,34,71554745,1321,1841682,50000,5000,1253666,28809350500
630,20141227,8,17,21,24,27,31,15,3,4836305500,14508916500,48,50378183,1631,1482620,50000,5000,1506807,30667947000
631,20150103,1,2,4,23,31,34,8,4,3919853532,15679414128,46,56809472,1676,1559210,50000,5000,1579221,32650310500
632,20150110,15,18,21,32,35,44,6,11,1432587716,15758464876,52,50507901,1645,1596603,50000,5000,1400349,31533301500
633,20150117,9,12,19,20,39,41,13,12,1217257094,14607085128,47,51798175,1789,1360825,50000,5000,1519688,31007898500
634,20150124,4,10,11,12,20,27,38,13,1077935106,14013156378,54,43250483,2208,1057757,50000,5000,1666764,31574783500
635,20150131,11,13,25,26,29,33,32,8,1855587235,14844697880,35,70689038,1650,1499465,50000,5000,1514994,31214810500
636,20150207,6,7,15,16,20,31,26,8,1832362219,14658897752,44,55526128,1973,1238292,50000,5000,1554155,31393197000
637,20150214,3,16,22,37,38,44,23,4,3899241094,15596964376,45,57766535,1637,1587963,50000,5000,1453659,31752432500
638,20150221,7,18,22,24,31,34,6,7,2229403179,15605822253,41,63438302,1719,1513072,50000,5000,1509144,32159793000
639,20150228,6,15,22,23,25,32,40,4,4061185219,16244740876,45,60165707,1628,1663058,50000,5000,1526257,33101299500
640,20150307,14,15,18,21,26,35,23,9,1728768834,15558919506,48,54024027,1639,1582156,50000,5000,1492011,32040251000
641,20150314,11,18,21,36,37,43,12,8,1990074563,15920596504,50,53068655,1565,1695485,50000,5000,1421139,31886567000
642,20150321,8,17,18,24,39,45,32,12,1251460438,15017525256,62,40369692,1815,1379020,50000,5000,1555984,31772112000
643,20150328,15,24,31,32,33,40,13,6,2535763625,15214581750,43,58971248,1525,1662796,50000,5000,1493455,31555034000
644,20150404,5,13,17,23,28,36,8,8,1831451204,14651609632,49,49835407,1879,1299593,50000,5000,1491262,30923299500
645,20150411,1,4,16,26,40,41,31,4,3696297750,14785191000,28,88007090,1766,1395356,50000,5000,1534399,31330878000
646,20150418,2,9,24,41,43,45,30,7,2215498393,15508488751,36,71798560,1522,1698258,50000,5000,1400177,31154045000
647,20150425,5,16,21,23,24,30,29,7,2189725608,15328079256,44,58060907,1596,1600677,50000,5000,1432775,31157169000
648,20150502,13,19,28,37,38,43,4,7,2120987947,14846915629,45,54988577,1631,1517159,50000,5000,1401072,30437202500
649,20150509,3,21,22,33,41,42,20,5,2948042100,14740210500,45,54593373,1689,1454531,50000,5000,1395211,30236589000
650,20150516,3,4,7,11,31,41,35,5,2849298900,14246494500,45,52764795,1814,1308940,50000,5000,1518637,30495541000
651,20150523,11,12,16,26,29,44,18,8,1855306454,14842451632,35,70678342,1684,1468968,50000,5000,1450126,30747445500
652,20150530,3,13,15,40,41,44,20,5,3003483525,15017417625,36,69525082,1504,1664165,50000,5000,1357947,30213488500
653,20150606,5,6,26,27,38,39,1,14,980958670,13733421380,56,40873278,1997,1146172,50000,5000,1510470,29858018500
654,20150613,16,21,26,31,36,43,6,8,1879301391,15034411128,69,36315003,1787,1402203,50000,5000,1362377,30348906500
655,20150620,7,37,38,39,40,44,18,9,1661439625,14952956625,41,60784377,1610,1547926,50000,5000,1360752,30217400500
656,20150627,3,7,14,16,31,40,39,2,7330002750,14660005500,48,50902797,1747,1398589,50000,5000,1471326,30664059000
657,20150704,10,14,19,39,40,43,23,9,1694762792,15252865128,52,48887389,1562,1627494,50000,5000,1405612,30884918500
658,20150711,8,19,25,28,32,36,37,9,1634031375,14706282375,38,64501239,1678,1460696,50000,5000,1448532,30565621500
659,20150718,7,18,19,27,29,42,45,11,1336604216,14702646376,40,61261027,1765,1388352,50000,5000,1483633,30838873500
660,20150725,4,9,23,33,39,44,14,10,1421272575,14212725750,48,49349743,1951,1214141,50000,5000,1499058,30406661000
661,20150801,2,3,12,20,27,38,40,8,1713025547,13704204376,63,36254509,1830,1248107,50000,5000,1516624,29798687500
662,20150808,5,6,9,11,15,37,26,8,1689733688,13517869504,43,52394844,1787,1260761,50000,5000,1517090,29582271000
663,20150815,3,5,8,19,38,42,20,7,2080244143,14561709001,60,40449192,1627,1491673,50000,5000,1471814,30550352000
664,20150822,10,20,33,36,41,44,5,10,1536801338,15368013380,44,58212172,1530,1674076,50000,5000,1399061,30960844500
665,20150829,5,6,11,17,38,44,13,4,3643230375,14572921500,30,80960675,1790,1356883,50000,5000,1519256,30942937000
666,20150905,2,4,6,11,17,28,16,6,2396901063,14381406378,47,50997895,1947,1231074,50000,5000,1589571,31326458500
667,20150912,15,17,25,37,42,43,13,7,2228764393,15601350751,40,65005629,1543,1685176,50000,5000,1451297,31710816000
668,20150919,12,14,15,24,27,32,3,5,2991158625,14955793125,56,44511290,1873,1330824,50000,5000,1543637,31673202500
669,20150926,7,8,20,29,33,38,9,6,2708173188,16249039128,52,52080254,1949,1389520,50000,5000,1626449,33976105500
670,20151003,11,18,26,27,40,41,25,12,1191725219,14300702628,39,61114114,2145,1111166,50000,5000,1578824,31121343500
671,20151010,7,9,10,13,31,35,24,4,3722322844,14889291376,48,51698929,1778,1395697,50000,5000,1612157,31970403500
672,20151017,8,21,28,31,36,45,43,9,1754745000,15792705000,46,57219946,1629,1615788,50000,5000,1423026,31771165000
673,20151024,7,10,17,29,33,44,5,10,1491453300,14914533000,35,71021586,1864,1333560,50000,5000,1541516,31581789000
674,20151031,9,10,14,25,27,31,11,8,1770565500,14164524000,48,49182375,1846,1278849,50000,5000,1556579,30693487000
675,20151107,1,8,11,15,18,45,7,4,3514549032,14058196128,65,36046657,1806,1297361,50000,5000,1505823,30229311500
676,20151114,1,8,17,34,39,45,27,8,1879726500,15037812000,63,39782572,1665,1505287,50000,5000,1456933,31073821000
677,20151121,12,15,24,36,41,44,42,8,1921114407,15368915256,37,69229348,1701,1505871,50000,5000,1411688,31133812000
678,20151128,4,5,6,12,25,37,45,6,2288490188,13730941128,41,55816834,1855,1233688,50000,5000,1589302,30443646500
679,20151205,3,5,7,14,26,34,35,5,2863005600,14315028000,54,44182186,1829,1304450,50000,5000,1586100,31110459000
680,20151212,4,10,19,29,32,42,30,14,1110570563,15547987882,44,58893894,1870,1385739,50000,5000,1502349,32122600500
681,20151219,21,24,27,29,43,44,7,6,2696328938,16177973628,37,72873756,1441,1871152,50000,5000,1356625,31634126500
682,20151226,17,23,27,35,38,43,2,4,4063713563,16254854252,56,48377543,1851,1463611,50000,5000,1554507,33378929000
683,20160102,6,13,20,27,28,40,15,16,1010930883,16174894128,45,59907016,2704,996974,50000,5000,1821703,35970045500
684,20160109,1,11,15,17,25,39,40,9,1688815709,15199341381,62,40858445,1968,1287208,50000,5000,1723807,33311943500
685,20160116,6,7,12,28,38,40,18,11,1494367671,16438044381,52,52686040,1910,1434385,50000,5000,1673444,34563337500
686,20160123,7,12,15,24,25,43,13,8,1937531719,15500253752,36,71760435,1863,1386676,50000,5000,1576664,32637005000
687,20160130,1,8,10,13,28,42,45,6,2720029313,16320175878,38,71579719,1780,1528107,50000,5000,1631608,34022334500
688,20160206,5,15,22,23,34,35,2,9,1967536750,17707830750,53,55685003,2107,1400715,50000,5000,1710558,36547806000
689,20160213,7,17,19,30,36,38,34,7,2321775911,16252431377,44,61562241,1809,1497368,50000,5000,1601229,33730073500
690,20160220,24,25,33,34,38,39,43,15,1126507625,16897614375,34,82831444,1772,1589317,50000,5000,1618263,34571012500
691,20160227,15,27,33,35,43,45,16,6,2839296750,17035780500,31,91590218,1708,1662352,50000,5000,1543336,34295164000
692,20160305,3,11,14,15,32,36,44,7,2301273697,16108915879,44,61018621,1770,1516848,50000,5000,1555293,33195249500
693,20160312,1,6,11,28,34,42,30,10,1642763813,16427638130,43,63673016,1692,1618168,50000,5000,1573182,33676467500
694,20160319,7,15,20,25,33,43,12,10,1555036388,15550363880,78,33227274,2286,1133739,50000,5000,1686670,33766628500
695,20160326,4,18,26,33,34,38,14,11,1450214830,15952363130,66,40283746,1979,1343471,50000,5000,1656377,33836042500
696,20160402,1,7,16,18,34,38,21,10,1632054413,16320544130,44,61820243,1721,1580530,50000,5000,1593747,33771485500
697,20160409,2,5,8,11,33,39,31,10,1531443038,15314430380,90,28360057,1940,1315673,50000,5000,1717524,33483070500
698,20160416,3,11,13,21,33,37,18,8,1921084125,15368673000,48,53363448,2088,1226746,50000,5000,1650473,33141634000
699,20160423,4,5,8,16,21,29,3,8,1995411375,15963291000,50,53210970,1799,1478905,50000,5000,1604758,33371573000
700,20160430,11,23,28,29,30,44,13,8,2082099188,16656793504,41,67710543,1562,1777294,50000,5000,1498561,33423138000
701,20160507,3,10,14,16,36,38,35,10,1583183175,15831831750,40,65965966,1659,1590500,50000,5000,1488048,32227069000
702,20160514,3,13,16,24,26,29,9,11,1465091387,16116005257,46,58391324,1819,1476636,50000,5000,1533873,33109927000
703,20160521,10,28,31,33,41,44,21,5,3235784100,16178920500,51,52872290,1719,1568637,50000,5000,1502549,32864494000
704,20160528,1,4,8,23,33,42,45,4,3865190344,15460761376,47,54825395,1906,1351938,50000,5000,1616910,32965058500
705,20160604,1,6,17,22,28,45,23,4,3987206532,15948826128,49,54247708,1805,1472653,50000,5000,1543443,32929921500
706,20160611,3,4,6,10,28,30,37,4,3831746063,15326984252,51,50088184,2108,1211811,50000,5000,1628932,32861744000
707,20160618,2,12,19,24,39,44,35,12,1322167313,15866007756,74,35734252,2006,1318213,50000,5000,1604020,33406962000
708,20160625,2,10,16,19,34,45,1,4,4099552219,16398208876,52,52558362,1712,1596399,50000,5000,1534724,33403153500
709,20160702,10,18,30,36,39,44,32,14,1165271625,16313802750,44,61794708,1696,1603165,50000,5000,1469912,32796252000
710,20160709,3,4,9,24,25,33,10,5,2895441150,14477205750,57,42331011,1990,1212497,50000,5000,1731339,32541986000
711,20160716,11,15,24,35,37,45,42,7,2277413358,15941893506,44,60385961,1865,1424656,50000,5000,1556937,33076373000
712,20160723,17,20,30,31,33,45,19,4,4034485125,16137940500,47,57226740,1727,1557416,50000,5000,1537365,33068159000
713,20160730,2,5,15,18,19,23,44,9,1714720917,15432488253,50,51441628,1791,1436115,50000,5000,1559895,32323276000
714,20160806,1,7,22,33,37,40,20,7,2085131733,14595922131,46,52883776,2029,1198943,50000,5000,1650651,32049994500
715,20160813,2,7,27,33,41,44,10,6,2605510438,15633062628,61,42713286,1873,1391090,50000,5000,1595861,32897303500
716,20160820,2,6,13,16,29,30,21,12,1358752157,16305025884,35,77642981,1743,1559096,50000,5000,1560148,33520084500
717,20160827,2,11,19,25,28,32,44,6,2702433688,16214602128,47,57498590,1974,1369015,50000,5000,1666393,34298919500
718,20160903,4,11,20,23,32,39,40,17,926166464,15744829888,64,41002162,2404,1091572,50000,5000,1712414,34700381500
719,20160910,4,8,13,19,20,43,26,9,1879581334,16916232006,58,48609863,2020,1395729,50000,5000,1729777,35689196000
720,20160917,1,12,29,34,36,37,41,14,1233770358,17272785012,37,77805338,1778,1619122,50000,5000,1595322,34969545000
721,20160924,1,28,35,41,43,44,31,8,2273767360,18190138880,40,75792246,1607,1886553,50000,5000,1550778,35813783500
722,20161001,12,14,21,30,39,43,45,4,4365422719,17461690876,46,63266996,1688,1724101,50000,5000,1525728,34723244500
723,20161008,20,30,33,35,36,44,22,8,2114365360,16914922880,40,70478846,1777,1586469,50000,5000,1499933,33875115500
724,20161015,2,8,33,35,37,41,14,12,1427789813,17133477756,55,51919630,1833,1557873,50000,5000,1620953,34993637000
725,20161022,6,7,19,21,41,43,38,11,1579217250,17371389750,47,61600673,1795,1612943,50000,5000,1595119,35104338000
726,20161029,1,11,21,23,34,44,24,14,1166872634,16336216876,56,48619694,2099,1297143,50000,5000,1655312,34399647500
727,20161105,7,8,10,19,21,31,20,14,1115107742,15611508388,87,29907105,2064,1260620,50000,5000,1701571,33779569500
728,20161112,3,6,10,30,34,37,36,5,3243464400,16217322000,56,48265840,1869,1446168,50000,5000,1655685,34153056000
729,20161119,11,17,21,26,36,45,16,4,4198250719,16793002876,35,79966681,1875,1492712,50000,5000,1596156,34392080500
730,20161126,4,10,14,15,18,22,39,8,2017382110,16139056880,45,59774285,1741,1544999,50000,5000,1592337,33467052500
731,20161203,2,7,13,25,42,45,39,7,2340471054,16383297378,45,60678880,1908,1431106,50000,5000,1692301,34619836500
732,20161210,2,4,5,17,27,32,43,7,2203270608,15422894256,45,57121831,2061,1247202,50000,5000,1812689,34322974000
733,20161217,11,24,32,33,35,40,13,4,4016725125,16066900500,57,46979242,1966,1362064,50000,5000,1737348,34660744000
734,20161224,6,16,37,38,41,45,18,9,1949395500,17544559500,36,81224813,1758,1663307,50000,5000,1636386,35728791000
735,20161231,5,10,13,27,37,41,4,10,1847231588,18472315880,50,61574387,2269,1356862,50000,5000,1862082,38744104500
736,20170107,2,11,17,18,21,27,6,5,3397362225,16986811125,54,52428430,2250,1258283,50000,5000,1857300,36755101500
737,20170114,13,15,18,24,27,41,11,4,4283061000,17132244000,48,59486959,1937,1474122,50000,5000,1663338,35387972000
738,20170121,23,27,28,38,42,43,36,11,1634191091,17976102001,48,62417021,1640,1826840,50000,5000,1592434,35884061000
739,20170128,7,22,29,33,34,35,30,4,4744122282,18976489128,45,70283294,1942,1628604,50000,5000,1823713,38999830500
740,20170204,4,8,9,16,17,19,31,18,936929792,16864736256,43,65367195,2447,1148668,50000,5000,1982399,37593260000
741,20170211,5,21,27,34,44,45,16,6,3043595938,18261575628,55,55338108,1829,1664077,50000,5000,1716332,37196292500
742,20170218,8,10,13,36,37,40,6,16,1111814813,17789037008,44,67382716,1986,1492870,50000,5000,1758950,36928896000
743,20170225,15,19,21,34,41,44,10,7,2608641000,18260487000,46,66161185,1982,1535527,50000,5000,1649283,36718426000
744,20170304,10,15,18,21,34,41,43,15,1155411575,17331173625,61,47352934,2779,1039414,50000,5000,1748877,36753646500
745,20170311,1,2,3,9,12,23,10,20,746822982,14936459640,110,22631000,3692,674272,50000,5000,2101016,36787559500
746,20170318,3,12,33,36,42,45,25,9,2038623709,18347613381,58,52723027,1904,1606059,50000,5000,1685459,37119789500
747,20170325,7,9,12,14,23,28,17,9,1903214584,17128931256,59,48386812,2217,1287696,50000,5000,1820595,36668940000
748,20170401,3,10,13,22,31,32,29,9,1928246542,17354218878,59,49023218,1937,1493222,50000,5000,1754209,36375138500
749,20170408,12,14,24,26,34,45,41,13,1350104395,17551357135,64,45706660,1985,1473666,50000,5000,1686832,36126444500
750,20170415,1,2,15,19,24,36,12,7,2522104286,17654730002,44,66873978,1779,1653994,50000,5000,1680497,36124050000
751,20170422,3,4,16,20,28,44,17,8,2097968110,16783744880,69,40540447,2210,1265743,50000,5000,1756357,35767116500
752,20170429,4,16,20,33,40,43,7,9,1870358834,16833229506,75,37407177,2036,1377966,50000,5000,1751048,35800411000
753,20170506,2,17,19,24,37,41,3,6,2711105063,16266630378,58,46743191,1934,1401813,50000,5000,1677636,34457500500
754,20170513,2,8,17,24,29,31,32,5,3427542000,17137710000,50,57125700,1856,1538947,50000,5000,1668929,35382925000
755,20170520,13,14,26,28,30,36,37,8,2214427266,17715418128,54,54677217,1845,1600309,50000,5000,1600154,35650317500
756,20170527,10,14,16,18,27,28,4,5,3414434700,17072173500,53,53686081,1866,1524846,50000,5000,1695439,35496473000
757,20170603,6,7,11,17,33,44,1,21,739839858,15536637018,68,38079993,2657,974573,50000,5000,1908766,35526501000
758,20170610,5,9,12,30,39,43,24,8,2078969954,16631759632,63,43999365,2170,1277401,50000,5000,1788442,35882129500
759,20170617,9,33,36,40,42,43,32,6,3032670500,18196023000,44,68924330,1761,1722130,50000,5000,1615872,36316104000
760,20170624,10,22,27,31,42,43,12,8,2253299391,18026395128,45,66764427,1749,1717782,50000,5000,1611854,36100398500
761,20170701,4,7,11,24,42,45,30,7,2392730518,16749113626,52,53683057,2139,1305058,50000,5000,1763831,35707951500
762,20170708,1,3,12,21,26,41,16,10,1631432063,16314320630,53,51302896,2044,1330261,50000,5000,1776857,35279447500
763,20170715,3,8,16,32,34,43,10,8,2138130000,17105040000,45,63352000,2019,1412006,50000,5000,1658354,35326050000
764,20170722,7,22,24,31,34,36,15,7,2459975465,17219828255,44,65226623,1908,1504178,50000,5000,1623834,35159466000
765,20170729,1,3,8,12,42,43,33,15,1109214250,16638213750,54,51352512,2121,1307419,50000,5000,1747692,35486180000
766,20170805,9,30,34,35,39,41,21,8,2173637297,17389098376,41,70687392,1734,1671386,50000,5000,1545969,34750384500
767,20170812,5,15,20,31,34,42,22,15,1163768725,17456530875,46,63248301,1905,1527256,50000,5000,1643518,35642799500
768,20170819,7,27,29,30,38,44,4,13,1363572260,17726439380,53,55743521,1849,1597841,50000,5000,1667428,36153487500
769,20170826,5,7,11,16,41,45,4,9,1930760042,17376840378,55,52657093,1962,1476117,50000,5000,1762097,36436715500
770,20170902,1,9,12,23,39,43,34,8,2163099329,17304794632,75,38455100,2302,1252882,50000,5000,1828361,37083189500
771,20170909,6,10,17,18,21,29,30,4,4362644907,17450579628,49,59355714,2054,1415984,50000,5000,1785096,36772969500
772,20170916,5,6,11,14,21,41,32,10,1769608838,17696088380,53,55648077,2027,1455032,50000,5000,1793463,37187684500
773,20170923,8,12,19,21,31,35,44,11,1609403080,17703433880,58,50871937,2094,1409061,50000,5000,1797041,37280298500
774,20170930,12,15,18,28,34,42,9,11,1709721512,18806936632,60,52241491,1956,1602500,50000,5000,1807830,38673510500
775,20171007,11,12,29,33,38,42,17,5,3470437650,17352188250,37,78163011,1719,1682392,50000,5000,1632383,35397726000
776,20171014,8,9,18,21,28,40,20,7,2557579393,17903055751,50,59676853,2001,1491176,50000,5000,1791789,37413041000
777,20171021,6,12,17,21,34,37,18,21,833468036,17502828756,66,44199063,2413,1208926,50000,5000,1881073,37767180000
778,20171028,6,21,35,36,37,41,11,3,6264069500,18792208500,67,46746788,1731,1809379,50000,5000,1668972,37537803000
779,20171104,6,12,19,24,34,41,4,11,1527709296,16804802256,66,42436370,2503,1118978,50000,5000,1868491,36886838000
780,20171111,15,17,19,21,27,45,16,11,1667520137,18342721507,45,67936006,1681,1818632,50000,5000,1699883,37116042000
781,20171118,11,16,18,19,24,39,43,9,1882891542,16946023878,52,54314180,1967,1435861,50000,5000,1804773,36241578500
782,20171125,6,18,31,34,38,45,20,9,1946487625,17518388625,49,59586356,2047,1426347,50000,5000,1684543,36126986500
783,20171202,14,15,16,17,38,45,36,4,4603964625,18415858500,36,85258605,1869,1642221,50000,5000,1625448,36762628000
784,20171209,3,10,23,24,31,39,22,9,1908678000,17178102000,51,56137589,2257,1268506,50000,5000,1816827,37155691000
785,20171216,4,6,15,25,26,33,40,6,2886622688,17319736128,55,52484049,1972,1463805,50000,5000,1780335,36487281500
786,20171223,12,15,16,20,24,30,38,4,4551365250,18205461000,96,31606704,2064,1470080,50000,5000,1813390,37965078000
787,20171230,5,6,13,16,27,28,9,6,3092108313,18552649878,51,60629575,2339,1321979,50000,5000,1980837,39796961500
788,20180106,2,10,11,19,35,39,29,13,1401475154,18219177002,70,43378993,2257,1345384,50000,5000,1943545,39060941000
789,20180113,2,6,7,12,19,45,38,15,1140976825,17114652375,70,40749173,2437,1170473,50000,5000,1989474,38068301500
790,20180120,3,8,19,27,30,41,12,16,1160516274,18568260384,59,52452713,2417,1280394,50000,5000,1928820,39489440500
791,20180127,2,10,12,31,33,42,32,14,1253081893,17543146502,38,76943625,2410,1213219,50000,5000,1818495,37102922000
792,20180203,2,7,19,25,29,36,16,7,2655736768,18590157376,65,47667071,1958,1582411,50000,5000,1785890,38169501500
793,20180210,10,15,21,35,38,43,31,5,3750146775,18750733875,61,51231514,2043,1529674,50000,5000,1735717,38088738500
794,20180217,6,7,18,19,30,38,13,7,2650940304,18556582128,45,68728082,2607,1186331,50000,5000,1997114,39970789500
795,20180224,3,10,13,26,34,38,36,11,1714977000,18864747000,62,50711686,2423,1297617,50000,5000,1938644,39830671000
796,20180303,1,21,26,36,40,41,5,7,2763490340,19344432380,46,70088524,1921,1678331,50000,5000,1741744,38842971500
797,20180310,5,22,31,32,39,45,36,8,2397028125,19176225000,34,94001103,1868,1710941,50000,5000,1741144,38669970000
798,20180317,2,10,14,22,32,36,41,7,2710791911,18975543377,60,52709843,2124,1488979,50000,5000,1755030,38519379500
799,20180324,12,17,23,34,42,45,33,10,1826427225,18264272250,56,54357954,2242,1357737,50000,5000,1835063,38354493000
800,20180331,1,4,10,12,28,45,26,11,1632246205,17954708255,51,58675518,2179,1373315,50000,5000,1915121,38497031000
801,20180407,17,25,28,37,43,44,2,8,2256786657,18054293256,51,59000959,1999,1505278,50000,5000,1718005,37017396000
802,20180414,10,11,12,18,24,42,27,16,1082947993,17327167888,67,43102408,2207,1308501,50000,5000,1924570,37573390500
803,20180421,5,9,14,26,30,43,2,5,3663810225,18319051125,50,61063504,2094,1458059,50000,5000,1762431,37835396500
804,20180428,1,10,13,26,32,36,9,11,1631996523,17951961753,49,61061095,2048,1460935,50000,5000,1762458,37278514000
805,20180505,3,12,13,18,31,32,42,4,4266061969,17064247876,53,53661157,2075,1370623,50000,5000,1807846,36532990500
806,20180512,14,20,23,31,37,38,27,7,2640760875,18485326125,57,54050662,1850,1665345,50000,5000,1654932,37015291500
807,20180519,6,10,18,25,34,35,33,7,2437662322,17063636254,59,48202363,2319,1226365,50000,5000,1860540,36915790000
808,20180526,15,21,31,32,41,43,24,6,3087620500,18525723000,46,67122185,1962,1573711,50000,5000,1695094,37455719000
809,20180602,6,11,15,17,23,40,39,6,2921372750,17528236500,56,52167371,2179,1340695,50000,5000,1810305,37107052000
810,20180609,5,10,13,21,39,43,11,8,2231598047,17852784376,64,46491626,2053,1449325,50000,5000,1774746,37194177500
811,20180616,8,11,19,21,36,45,25,7,2524148197,17669037379,49,60098767,2151,1369057,50000,5000,1810150,37285406500
812,20180623,1,3,12,14,16,43,10,6,2947954750,17687728500,68,43352276,1976,1491880,50000,5000,1795622,37073908000
813,20180630,11,30,34,35,42,44,27,4,4591763157,18367052628,43,71190127,1800,1700654,50000,5000,1639554,36697473500
814,20180707,2,21,28,38,42,45,30,6,3067192063,18403152378,52,58984463,1833,1673319,50000,5000,1681505,37158271500
815,20180714,17,21,25,26,27,36,4,7,2579855358,18058987506,39,77175161,1703,1767371,50000,5000,1690866,36708200000
816,20180721,12,18,19,29,31,39,7,8,2128107938,17024863504,67,42350407,2064,1374747,50000,5000,1780340,36198913000
817,20180728,3,9,12,13,25,43,34,9,1868477334,16816296006,54,51902149,2068,1355279,50000,5000,1825578,36276383000
818,20180804,14,15,25,28,29,30,3,13,1380804318,17950456134,39,76711351,1845,1621541,50000,5000,1582599,35896676500
819,20180811,16,25,33,38,40,45,15,7,2594534840,18161743880,49,61774640,1981,1527995,50000,5000,1737793,37289453500
820,20180818,10,21,22,30,35,42,6,4,4627313532,18509254128,60,51414595,1987,1552530,50000,5000,1745810,37872285500
821,20180825,1,12,13,24,29,44,16,14,1316155956,18426183384,55,55836920,2100,1462396,50000,5000,1790606,38059119500
822,20180901,9,18,20,24,27,36,12,3,5930898625,17792695875,79,37537334,2153,1377357,50000,5000,1846589,37840869500
823,20180908,12,18,24,26,39,40,15,9,2009843917,18088595253,61,49422392,2348,1283972,50000,5000,1910220,38700062000
824,20180915,7,9,24,29,34,38,26,15,1256646550,18849698250,51,61600322,2106,1491746,50000,5000,1853097,39128711000
825,20180922,8,15,21,31,33,38,42,12,1658710563,19904526756,53,62592852,2249,1475065,50000,5000,1965868,41445289000
826,20180929,13,16,24,25,33,36,42,9,2075192084,18676728756,47,66229535,2232,1394619,50000,5000,1866067,39109370000
827,20181006,5,11,12,29,33,44,14,15,1206500375,18097505625,46,65570673,2113,1427474,50000,5000,1869709,38245062500
828,20181013,4,7,13,29,31,39,18,13,1455185972,18917417636,62,50853274,1968,1602085,50000,5000,1806885,38776413500
829,20181020,4,5,31,35,43,45,29,8,2444650641,19557205128,45,72434094,1837,1774379,50000,5000,1734405,38999403500
830,20181027,5,6,16,18,37,38,17,9,2060528750,18544758750,80,38634915,2142,1442948,50000,5000,1872508,38857000000
831,20181103,3,10,16,19,31,39,9,16,1110702258,17771236128,61,48555290,2660,1113486,50000,5000,1970028,38811376500
832,20181110,13,14,19,26,40,43,30,9,2088204584,18793841256,60,52205115,2137,1465750,50000,5000,1810897,38705950000
833,20181117,12,18,30,39,41,42,19,8,2356317282,18850538256,53,59278423,1945,1615299,50000,5000,1820668,38869201000
834,20181124,6,8,18,35,42,43,3,11,1690693671,18597630381,47,65949044,1967,1575804,50000,5000,1744648,37970895500
835,20181201,9,10,13,28,38,45,35,15,1233681125,18505216875,58,53175911,2306,1337469,50000,5000,1876231,38847217500
836,20181208,1,9,11,14,26,28,19,14,1257843670,17609811380,62,47338203,2230,1316130,50000,5000,1825412,37268348500
837,20181215,2,25,28,30,33,45,6,6,3144449125,18866694750,47,66903173,2012,1562848,50000,5000,1756358,38307088000
838,20181222,9,14,17,33,36,38,20,5,3813733050,19068665250,68,46736925,2220,1431582,50000,5000,1887691,39707242000
839,20181229,3,9,11,12,13,19,35,13,1359454904,17672913752,48,61364284,2664,1105663,50000,5000,2075876,39609855000
840,20190105,2,4,11,28,29,43,27,10,2042961788,20429617880,51,66763458,2275,1496676,50000,5000,1964941,42028885500
841,20190112,5,11,14,30,33,38,24,17,1116095714,18973627138,88,35934900,2490,1269989,50000,5000,2024208,40790394500
842,20190119,14,26,32,36,39,42,38,10,2035475025,20354750250,42,80772819,2039,1663786,50000,5000,1841192,40978722000
843,20190126,19,21,30,33,34,42,4,5,4012970100,20064850500,52,64310419,2002,1670401,50000,5000,1885729,40928749000
844,20190202,7,8,13,15,33,45,18,18,1162963542,20933343756,73,47793023,2406,1450080,50000,5000,2120131,43902805000
845,20190209,1,16,29,33,40,45,6,11,1891217182,20803389002,56,61914849,2038,1701292,50000,5000,1890828,41942017000
846,20190216,5,18,30,41,43,45,13,13,1596884395,20759497135,69,50143713,1997,1732557,50000,5000,1905816,41968419500
847,20190223,12,16,26,28,30,42,22,8,2520846657,20166773256,40,84028222,2443,1375821,50000,5000,1974020,41891256000
848,20190302,1,2,16,22,38,39,34,7,3011580858,21081066006,42,83655024,2109,1665961,50000,5000,1898262,42261633000
849,20190309,5,13,17,29,34,39,3,17,1158252883,19690299011,56,58602081,2682,1223608,50000,5000,1967251,41166837000
850,20190316,16,20,24,28,36,39,5,6,3377587875,20265527250,55,61410689,2023,1669594,50000,5000,1831042,40737088000
851,20190323,14,18,22,26,31,44,40,8,2483692313,19869538504,70,47308425,2101,1576197,50000,5000,1858359,40549558000
852,20190330,11,17,28,30,33,35,9,4,4801543407,19206173628,67,47776552,2328,1375013,50000,5000,1994182,40735396500
853,20190406,2,8,23,26,27,44,13,7,2885006786,20195047502,90,37398237,2018,1667910,50000,5000,1894784,41122185000
854,20190413,20,25,31,32,36,43,3,6,3421706750,20530240500,44,77766063,1865,1834696,50000,5000,1817150,40911669000
855,20190420,8,15,17,19,43,44,7,9,2269510500,20425594500,61,55807636,2022,1683614,50000,5000,1869952,41187366000
856,20190427,10,24,40,41,43,44,17,5,3977927550,19889637750,53,62546031,1949,1700842,50000,5000,1806913,40248212000
857,20190504,6,10,16,28,34,38,43,15,1284915425,19273731375,62,51811106,2367,1357114,50000,5000,1948355,40466558500
858,20190511,9,13,32,38,39,43,23,9,2202347459,19821127131,41,80573688,2075,1592059,50000,5000,1897596,40683444500
859,20190518,8,22,35,38,39,41,24,11,1853927489,20393202379,51,66644453,1895,1793598,50000,5000,1778631,40472111500
860,20190525,4,8,18,25,27,32,42,10,1879899825,18798998250,62,50534942,2339,1339533,50000,5000,2014209,40923336000
861,20190601,11,17,19,21,22,25,24,4,4872108844,19488435376,65,49970348,2256,1439749,50000,5000,1930868,40516275500
862,20190608,10,34,38,40,42,43,32,9,2190922709,19718304381,63,52164827,2042,1609395,50000,5000,1861915,40304502500
863,20190615,16,21,28,35,39,43,12,7,2853357322,19973501254,64,52014327,2042,1630224,50000,5000,1860159,40644270000
864,20190622,3,7,10,13,25,36,32,11,1716553637,18882090007,64,49172110,2467,1275645,50000,5000,2083130,41110145000
865,20190629,3,15,22,32,33,45,2,13,1551729145,20172478885,52,64655382,2076,1619499,50000,5000,1856001,40874108500
866,20190706,9,15,29,34,37,39,12,9,2240409000,20163681000,68,49420787,2035,1651408,50000,5000,1877048,40980943000
867,20190713,14,17,19,22,24,40,41,5,3933755250,19668776250,57,57511042,2175,1507186,50000,5000,1932305,40803595000
868,20190720,12,17,28,41,43,44,25,6,3233804250,19402825500,61,53013185,2152,1502698,50000,5000,1900843,40274539000
869,20190727,2,6,20,27,37,39,4,10,1922582588,19225825880,56,57219720,2210,1449912,50000,5000,1925170,40134194500
870,20190803,21,25,30,32,40,42,31,10,1928842988,19288429880,48,66973715,2033,1581279,50000,5000,1809376,39344331500
871,20190810,2,6,12,26,30,34,38,7,2718071358,19026499506,61,51984972,2231,1421374,50000,5000,1903322,39763751000
872,20190817,2,4,30,32,33,43,29,16,1262705579,20203289264,46,73200324,2018,1668591,50000,5000,1817659,40501259000
873,20190824,3,5,12,13,33,39,38,10,1874553225,18745532250,68,45944932,2375,1315476,50000,5000,2128047,41187793000
874,20190831,1,15,19,23,28,42,32,18,1117123917,20108230506,68,49284879,2240,1496149,50000,5000,1943250,41495069000
875,20190907,19,22,30,34,39,44,36,14,1415946724,19823254136,33,100117446,2278,1450341,50000,5000,1834013,40317640500
876,20190914,5,16,21,26,34,42,24,19,1090657856,20722499264,59,58538134,2427,1423054,50000,5000,1971771,42544184000
877,20190921,5,17,18,22,23,43,12,12,1716607188,20599286256,75,45776192,2167,1584317,50000,5000,1979330,42292365000
878,20190928,2,6,11,16,25,31,3,6,3207993500,19247961000,69,46492660,2971,1079769,50000,5000,2126373,42091838000
879,20191005,1,4,10,14,15,35,20,6,3206361313,19238167878,77,41641057,2594,1236069,50000,5000,2078451,41587125500
880,20191012,7,17,19,23,24,45,38,7,2837810465,19864673255,52,63668825,2332,1419717,50000,5000,2056449,41931251000
881,20191019,4,18,20,26,27,32,9,8,2503212282,20025698256,67,49815170,2189,1524722,50000,5000,2059065,42247776000
882,20191026,18,34,39,43,44,45,23,5,4127270400,20636352000,44,78168000,2082,1651966,50000,5000,1951230,42175801000
883,20191102,9,18,32,33,37,44,22,15,1360519525,20407792875,65,52327675,2538,1340150,50000,5000,2046440,42812085500
884,20191109,4,14,23,28,37,45,17,12,1799077282,21588927384,74,48623711,2207,1630338,50000,5000,1928023,43277306500
885,20191116,1,3,24,27,39,45,31,13,1543832568,20069823384,56,59731618,2279,1467737,50000,5000,1983539,41698159500
886,20191123,19,23,28,37,42,45,2,7,2974643786,20822506502,59,58820640,2140,1621691,50000,5000,1880253,42093047000
887,20191130,8,14,17,27,36,45,10,8,2535268688,20282149504,66,51217550,2388,1415561,50000,5000,2003105,42208436000
888,20191207,3,7,12,31,34,38,32,8,2370359204,18962873632,59,53567440,2453,1288414,50000,5000,2116260,41388656500
889,20191214,3,13,29,38,39,42,26,10,2108986950,21089869500,60,58582971,2338,1503413,50000,5000,2024083,43367111000
890,20191221,1,4,14,18,29,37,6,9,2335486167,21019375503,58,60400505,2376,1474424,50000,5000,2032895,43346749000
891,20191228,9,13,28,31,39,41,19,7,3082673947,21578717629,77,46707182,2443,1472147,50000,5000,2123282,44871338500
892,20200104,4,9,17,18,26,42,36,17,1282017464,21794296888,78,46569011,2709,1340858,50000,5000,2292708,46545557500
893,20200111,1,15,17,23,25,41,10,9,2377433625,21396902625,58,61485353,2113,1687720,50000,5000,2017938,43830783500
894,20200118,19,32,37,40,41,43,45,9,2377935959,21401423631,56,63694714,2331,1530204,50000,5000,2091127,44232591500
895,20200125,16,26,31,38,39,41,23,12,1928079219,23136950628,58,66485491,2750,1402240,50000,5000,2322661,48481127500
896,20200201,5,12,25,26,38,45,23,7,3053222036,21372554252,46,77436791,2586,1377453,50000,5000,2196879,45230999000
897,20200208,6,7,12,22,26,36,29,13,1619922520,21058992760,62,56610196,2398,1463650,50000,5000,2120205,44115737000
898,20200215,18,21,28,35,37,42,17,8,2639313235,21114505880,56,62840792,3240,1086138,50000,5000,2146094,45033919500
899,20200222,8,19,20,21,33,39,37,6,3359356063,20156136378,53,63384077,2402,1398567,50000,5000,2118126,42938673500
900,20200229,7,13,16,18,35,38,14,6,3349851375,20099108250,51,65683361,2385,1404550,50000,5000,1988429,41819686000
901,20200307,5,18,20,23,30,34,21,9,2267974667,20411772003,67,50775553,2308,1473987,50000,5000,2007582,42391981000
902,20200314,7,19,23,24,36,39,30,13,1619317529,21051127877,67,52365990,2372,1479141,50000,5000,2066882,43750990500
903,20200321,2,15,16,21,22,28,45,13,1684582212,21899568756,49,74488330,2316,1575963,50000,5000,2017180,44312580000
904,20200328,2,6,8,26,43,45,11,8,2718077813,21744622504,92,39392433,2337,1550751,50000,5000,2057059,44469110000
905,20200404,3,4,16,27,38,40,20,7,3017862536,21125037752,77,45725190,2643,1332138,50000,5000,2242950,45178817000
906,20200411,2,5,14,28,31,32,20,9,2472607250,22253465250,63,58871602,2369,1565602,50000,5000,2108472,45474137000
907,20200418,21,27,29,38,40,44,37,7,3165059036,22155413252,67,55112969,2300,1605465,50000,5000,2017691,44665641000
908,20200425,3,16,21,22,23,44,30,8,2834856141,22678849128,57,66312425,2161,1749102,50000,5000,1969403,44961800500
909,20200502,7,24,29,30,34,35,33,11,2021062875,22231691625,63,58814000,2316,1599863,50000,5000,2024243,44771630500
910,20200509,1,11,17,27,35,39,31,21,941316375,19767643875,72,45758435,2694,1222943,50000,5000,2205657,43154428500
911,20200516,4,5,12,14,32,42,35,10,2113538625,21135386250,58,60733869,2571,1370115,50000,5000,2190653,44666205000
912,20200523,5,8,18,21,22,38,10,14,1493500581,20909008134,70,49783353,2547,1368212,50000,5000,2158823,44299577500
913,20200530,6,14,16,21,27,37,40,16,1338755602,21420089632,66,54091136,2467,1447108,50000,5000,2121450,44668474500
914,20200606,16,19,24,33,42,44,27,11,1950005557,21450061127,55,65000186,2585,1382983,50000,5000,2132349,44779251500
915,20200613,2,6,11,13,22,37,14,6,3518640500,21111843000,63,55851437,2436,1444434,50000,5000,2087697,43931209000
916,20200620,6,21,22,32,35,36,17,11,2025384341,22279227751,70,53045781,2184,1700186,50000,5000,1971608,44566522000
917,20200627,1,3,23,24,27,43,34,10,2144799638,21447996380,47,76056725,2260,1581711,50000,5000,2120060,44475433500
918,20200704,7,11,12,31,33,38,5,18,1117622646,20117207628,86,38986837,2718,1233580,50000,5000,2323375,44600428500
919,20200711,9,14,17,18,42,44,35,5,4305150450,21525752250,56,64064739,2541,1411896,50000,5000,2178431,45109028000
920,20200718,2,3,26,33,34,43,29,7,3120260197,21841821379,53,68684973,2348,1550385,50000,5000,2103811,44902588500
921,20200725,5,7,12,22,28,41,1,17,1232573405,20953747885,72,48504047,2682,1302123,50000,5000,2234002,44944170500
922,20200801,2,6,13,17,27,43,36,6,3417904500,20507427000,89,38403422,2876,1188423,50000,5000,2236524,44633341000
923,20200808,3,17,18,23,36,41,26,8,2667554625,21340437000,56,63513206,2376,1496945,50000,5000,2055504,43933701000
924,20200815,3,11,34,42,43,44,13,9,2382430667,21441876003,69,51791972,2198,1625863,50000,5000,2036342,43854128000
925,20200822,13,24,32,34,39,42,4,12,1771080532,21252966384,68,52090604,2335,1516986,50000,5000,2064297,43950533500
926,20200829,10,16,18,20,25,31,6,10,2032490663,20324906630,72,47048395,2923,1158907,50000,5000,2221752,44186125500
927,20200905,4,15,22,38,41,43,26,6,3714203875,22285223250,63,58955618,2331,1593396,50000,5000,2100435,45533876000
928,20200912,3,4,10,20,28,44,30,7,3134591358,21942139506,81,45148436,2639,1385761,50000,5000,2136531,45409491000
929,20200919,7,9,12,15,19,23,4,16,1308035157,20928562512,91,38330701,3028,1151947,50000,5000,2388727,46172310000
930,20200926,8,21,25,38,39,44,28,8,2832418829,22659350632,55,68664699,2776,1360432,50000,5000,2255867,47259207500
931,20201003,14,15,23,25,35,43,32,8,2957108063,23656864504,54,73015014,2596,1518803,50000,5000,2166254,47847901000
932,20201010,1,6,15,36,37,38,5,7,3390022983,23730160881,64,61797294,2420,1634309,50000,5000,2190656,48024644500
933,20201017,23,27,29,31,36,45,37,8,2927797079,23422376632,63,61963960,2215,1762407,50000,5000,2078417,46742425500
934,20201024,1,3,30,33,36,39,12,4,5765772844,23063091376,66,58240130,2359,1629440,50000,5000,2104572,46514173500
935,20201031,4,10,20,32,38,44,18,13,1711055424,22243720512,120,30894057,2933,1263992,50000,5000,2255513,46967449000
936,20201107,7,11,13,17,18,29,43,14,1492069179,20888968506,77,45214218,2864,1215606,50000,5000,2395738,46123073000
937,20201114,2,10,13,22,29,40,26,11,2058420819,22642629009,57,66206518,2480,1521683,50000,5000,2219290,46860227000
938,20201121,4,8,10,16,31,36,9,10,2249466563,22494665630,64,58579859,2531,1481277,50000,5000,2224531,46726212500
939,20201128,4,11,28,39,42,45,6,13,1708363039,22208719507,67,55245571,2682,1380110,50000,5000,2258765,46670001000
940,20201205,3,15,20,22,24,41,11,8,2846071079,22768568632,51,74407088,2329,1629353,50000,5000,2213160,46960091500
941,20201212,12,14,25,27,39,40,35,16,1347297422,21556758752,87,41296473,3275,1097037,50000,5000,2431773,47433800000
942,20201219,10,12,18,35,42,43,39,6,3761680313,22570081878,52,72340007,2473,1521101,50000,5000,2168876,46365982500
943,20201226,1,8,13,36,44,45,39,7,3435045108,24045315756,74,54156117,2722,1472283,50000,5000,2376995,50040716000
944,20210102,2,13,16,19,32,33,42,13,1961836356,25503872628,79,53805639,3057,1390464,50000,5000,2591269,53590688500
945,20210109,9,10,15,30,33,37,26,13,1765554491,22952208383,71,53878424,2490,1536293,50000,5000,2247680,47418554500
946,20210116,9,18,19,30,34,40,20,11,2157656182,23734218002,71,55714127,2949,1341371,50000,5000,2366027,49690089000
947,20210123,3,8,17,20,27,35,26,18,1275855750,22965403500,58,65992539,3182,1202881,50000,5000,2501970,49724958000
948,20210130,13,18,30,31,38,41,5,11,2188548716,24074035876,90,44581548,2905,1381184,50000,5000,2393848,50259729500
949,20210206,14,21,35,36,40,44,30,10,2458569713,24585697130,65,63040250,2594,1579652,50000,5000,2325107,50259454500
950,20210213,3,4,15,22,28,40,10,8,3281920500,26255364000,67,65311851,2886,1516249,50000,5000,2572172,54435357000
951,20210220,2,12,30,31,39,43,38,14,1747552661,24465737254,72,56633652,2907,1402692,50000,5000,2491482,51468503000
952,20210227,4,12,22,24,33,41,38,9,2713699834,24423298506,93,43769353,3039,1339438,50000,5000,2449842,51177823000
953,20210306,7,9,22,27,37,42,34,14,1640636009,22968904126,102,37530890,3273,1169616,50000,5000,2481357,49590445500
954,20210313,1,9,26,28,30,41,32,10,2478795900,24787959000,64,64551977,2657,1554884,50000,5000,2349627,50727657000
955,20210320,4,9,23,26,29,33,8,12,2023170188,24278042256,71,56990710,2650,1526921,50000,5000,2330366,49892368000
956,20210327,10,11,20,21,25,41,40,11,2022982671,22252809381,136,27270600,3053,1214806,50000,5000,2473793,48532627500
957,20210403,4,15,24,35,36,40,1,11,2126634137,23392975507,61,63915234,2835,1375249,50000,5000,2264345,48327349000
958,20210410,2,9,10,16,35,37,1,15,1596119675,23941795125,67,59556705,2470,1615506,50000,5000,2301795,49317973500
959,20210417,1,14,15,24,40,41,35,8,3015312891,24122503128,75,53605563,2502,1606882,50000,5000,2199283,48717917500
960,20210424,2,18,24,30,32,45,14,10,2401133213,24011332130,56,71462298,2569,1557762,50000,5000,2312187,49392439500
961,20210501,11,20,29,31,33,42,43,9,2575231209,23177080881,73,52915710,2716,1422256,50000,5000,2333698,48576654500
962,20210508,1,18,28,31,34,43,40,12,1940906094,23290873128,73,53175510,2581,1503996,50000,5000,2248651,47978182500
963,20210515,6,12,19,23,34,42,35,15,1476478125,22147171875,68,54282285,3137,1176665,50000,5000,2364646,47726107500
964,20210522,6,21,36,38,39,43,30,10,2345861063,23458610630,52,75187855,2447,1597781,50000,5000,2187849,47774947500
965,20210529,2,13,25,28,29,36,34,7,3403348929,23823442503,46,86316821,2389,1662024,50000,5000,2167828,48087325000
966,20210605,1,21,25,29,34,37,36,10,2411303513,24113035130,50,80376784,2352,1708691,50000,5000,2097984,47820223500
967,20210612,1,6,13,37,38,40,9,4,5809776094,23239104376,69,56133103,2475,1564923,50000,5000,2166210,47257782500
968,20210619,2,5,12,14,24,39,33,13,1667729683,21680485879,97,37251694,3116,1159633,50000,5000,2480836,47962114500
969,20210626,3,9,10,29,40,45,7,20,1149427894,22988557880,56,68418328,2633,1455157,50000,5000,2347591,48364375500
970,20210703,9,11,16,21,28,36,5,14,1611544045,22561616630,87,43221488,2479,1516850,50000,5000,2188679,46634185500
971,20210710,2,6,17,18,21,26,7,6,3725880250,22355281500,62,60094843,2685,1387665,50000,5000,2305856,47235962000
972,20210717,3,6,17,23,37,39,26,20,1124886244,22497724880,80,46870261,2570,1458997,50000,5000,2252057,46958406500
973,20210724,22,26,31,37,41,42,24,8,2912742750,23301942000,42,92468024,2257,1720717,50000,5000,2124030,46976936000
974,20210731,1,2,11,16,39,44,32,17,1317034523,22389586891,66,56539361,2636,1415629,50000,5000,2281511,47073027500
975,20210807,7,8,9,17,22,24,5,9,2440410375,21963693375,61,60010092,2828,1294419,50000,5000,2350849,47126859500
976,20210814,4,12,14,25,35,37,2,7,3243867215,22707070505,69,54847997,3085,1226747,50000,5000,2415785,48746089000
977,20210821,2,9,10,14,22,44,16,14,1669905911,23378682754,82,47517648,2474,1574959,50000,5000,2225810,47947922000
978,20210828,1,7,15,32,34,42,8,10,2373391388,23733913880,70,56509319,2826,1399736,50000,5000,2354147,49427598500
979,20210904,7,11,16,21,27,33,24,14,1606400518,22489607252,79,47446429,3414,1097911,50000,5000,2562247,49753943000
980,20210911,3,13,16,23,24,35,14,7,3409443215,23866102505,70,56824054,2819,1411027,50000,5000,2376181,49796690000
981,20210918,27,36,37,41,43,45,32,13,1992863193,25907221509,65,66428774,2824,1528991,50000,5000,2429182,52822712000
982,20210925,5,7,13,20,21,44,33,8,3023630672,24189045376,81,49771699,2931,1375472,50000,5000,2434161,50672125500
983,20211002,13,23,26,31,35,43,15,10,2503422225,25034222250,78,53491928,2640,1580444,50000,5000,2330816,50949503000
984,20211009,3,10,23,35,36,37,18,7,3453006268,24171043876,64,62945427,2596,1551814,50000,5000,2280131,49381183500
985,20211016,17,21,23,30,34,44,19,10,2434752975,24347529750,62,65450349,2581,1572229,50000,5000,2252416,49405723000
986,20211023,7,10,16,28,41,42,40,10,2375275125,23752751250,70,56554170,2793,1417398,50000,5000,2367929,49520620000
987,20211030,2,4,15,23,29,38,7,10,2378711625,23787116250,73,54308485,2968,1335755,50000,5000,2426737,50134765000
988,20211106,2,13,20,30,31,41,27,9,2678489375,24106404375,61,65864493,2663,1508725,50000,5000,2271080,49303097500
989,20211113,17,18,21,27,29,33,26,4,5826768563,23307074252,63,61658927,2444,1589408,50000,5000,2288838,48262829000
990,20211120,2,4,25,26,36,37,28,14,1740095277,24361333878,56,72503970,2858,1420652,50000,5000,2301260,49783523500
991,20211127,13,18,25,31,33,44,38,8,2904166032,23233328256,110,35202013,2969,1304218,50000,5000,2367549,49013141000
992,20211204,12,20,26,33,44,45,24,12,1986955563,23843466756,58,68515710,2373,1674636,50000,5000,2232036,48533249000
993,20211211,6,14,16,18,24,42,44,6,3991197063,23947182378,70,57017101,2732,1460907,50000,5000,2356011,49661826500
994,20211218,1,3,8,24,27,35,28,12,1861582063,22338984756,70,53188059,2803,1328279,50000,5000,2357483,47765468000
995,20211225,1,4,13,29,38,39,7,7,3447271875,24130903125,69,58287206,2793,1439964,50000,5000,2410459,50439227500
996,20220101,6,11,15,24,32,39,28,18,1491185771,26841343878,86,52018109,3313,1350305,50000,5000,2705454,56312163500
997,20220108,4,7,14,16,24,44,20,19,1253749560,23821241640,85,46708317,3692,1075354,50000,5000,2491678,51215980500
998,20220115,13,17,18,20,42,45,41,12,2076499657,24917995884,53,78358478,2648,1568354,50000,5000,2359917,50840934500
999,20220122,1,3,9,14,18,28,34,16,1513274790,24212396640,67,60229843,2943,1371186,50000,5000,2515569,51290675500
1000,20220129,2,8,19,22,32,42,39,22,1246819620,27430031640,109,41941945,4018,1137798,50000,5000,2931887,59314405500
1001,20220205,6,10,12,14,20,42,15,12,2077279594,24927355128,66,62947867,2761,1504730,50000,5000,2489998,51983743500
1002,20220212,17,25,33,35,38,45,15,8,3088449563,24707596504,85,48446268,3193,1289676,50000,5000,2595380,52897742000
1003,20220219,1,4,29,39,43,45,31,14,1811116822,25355635508,66,64029383,2649,1595297,50000,5000,2384100,51739689000
1004,20220226,7,15,30,37,39,44,18,10,2576251913,25762519130,68,63143430,2785,1541743,50000,5000,2483682,53056235500
1005,20220305,8,13,18,24,27,29,17,12,2061199344,24734392128,84,49076175,2798,1473338,50000,5000,2494978,51877624500
1006,20220312,8,11,15,16,17,37,36,9,2855602125,25700419125,65,65898511,2487,1722318,50000,5000,2422253,52271215500
1007,20220319,8,11,16,19,21,25,40,9,2718786375,24469077375,70,58259709,2844,1433960,50000,5000,2396630,50765001500
1008,20220326,9,11,30,31,41,44,33,11,2267377910,24941157010,97,42854222,2826,1470935,50000,5000,2455015,51863521000
1009,20220402,15,23,29,34,40,44,20,15,1702462825,25536942375,69,61683436,2632,1617081,50000,5000,2368717,51885681500
1010,20220409,9,12,15,25,34,36,3,8,3119380079,24955040632,66,63017780,2781,1495568,50000,5000,2417876,51505752500
1011,20220416,1,9,12,26,35,38,42,11,2220348512,24423833632,76,53561039,2818,1444514,50000,5000,2432455,50899686500
1012,20220423,5,11,18,20,35,45,3,13,1861944318,24205276134,76,53081746,2882,1399797,50000,5000,2469437,50974161500
1013,20220430,21,22,26,34,36,41,32,5,5047570725,25237853625,79,53244417,2586,1626570,50000,5000,2289068,50873826500
1014,20220507,3,11,14,18,26,27,21,10,2410449338,24104493380,69,58223414,2849,1410115,50000,5000,2519546,51198184500
1015,20220514,14,23,31,33,37,40,44,8,3051105610,24408844880,102,39883734,2880,1412549,50000,5000,2451344,51281341500
1016,20220521,15,26,28,34,41,42,44,11,2260660671,24867267381,68,60949185,2686,1543018,50000,5000,2338092,50791576500
1017,20220528,12,18,22,23,30,34,32,7,3517684822,24623793754,70,58628081,2596,1580881,50000,5000,2372018,50691395000
1018,20220604,3,19,21,25,37,45,35,2,12361744688,24723489376,62,66460993,2693,1530109,50000,5000,2349589,50575902500
1019,20220611,1,4,13,17,34,39,6,50,438565140,21928257000,75,48729460,5823,627634,50000,5000,2705087,51402441000
1020,20220618,12,27,29,38,41,45,6,13,1966431520,25563609760,77,55332489,2817,1512461,50000,5000,2441595,52498198000
1021,20220625,12,15,17,24,29,45,16,12,2108962250,25307547000,56,75320081,2461,1713907,50000,5000,2311510,50980081000
1022,20220702,5,6,11,29,42,45,28,5,4866468075,24332340375,63,64371271,2580,1571857,50000,5000,2285669,49616515500
1023,20220709,10,14,16,18,29,35,25,9,2745677875,24711100875,72,57201623,2506,1643463,50000,5000,2302636,50199829500
1024,20220716,9,18,20,22,38,44,10,8,3020323500,24162588000,63,63922191,2616,1539411,50000,5000,2360849,50040519000
1025,20220723,8,9,20,25,29,33,7,4,6118853344,24475413376,69,59119356,2671,1527232,50000,5000,2395835,50659264500
1026,20220730,5,12,13,31,32,41,34,15,1619118475,24286777125,76,53260477,2786,1452907,50000,5000,2431878,50778189500
1027,20220806,14,16,27,35,39,45,5,10,2460504338,24605043380,83,49407718,2700,1518830,50000,5000,2354091,50597579500
1028,20220813,5,7,12,13,18,35,23,20,1181235132,23624702640,91,43268687,2810,1401228,50000,5000,2479352,50306768500
1029,20220820,12,30,32,37,39,41,24,10,2527848450,25278484500,62,67952916,2614,1611738,50000,5000,2265231,50668156000
1030,20220827,2,5,11,17,24,29,9,19,1276406507,24251723633,104,38864942,3278,1233055,50000,5000,2631906,52449961500
1031,20220903,6,7,22,32,35,36,19,8,3213957563,25711660504,64,66957450,2789,1536493,50000,5000,2382691,52158039000
1032,20220910,1,6,12,19,36,42,28,10,2675257538,26752575380,90,49541807,3078,1448591,50000,5000,2611596,55453505500
1033,20220917,3,11,15,20,35,44,10,13,1913414943,24874394259,79,52477625,3083,1344708,50000,5000,2524684,52321129000
1034,20220924,26,31,32,33,38,40,11,9,2868856209,25819705881,66,65201278,2898,1484916,50000,5000,2546276,53575044500
1035,20221001,9,14,34,35,41,42,2,8,3231193735,25849549880,71,60679695,2848,1512732,50000,5000,2511050,53379761500
1036,20221008,2,5,22,32,34,45,39,9,2837323167,25535908503,64,66499762,2593,1641337,50000,5000,2367497,51876968000
1037,20221015,2,14,15,22,27,33,31,15,1708576825,25628652375,78,54762078,2713,1574435,50000,5000,2419327,52420086500
1038,20221022,7,16,24,27,37,44,2,15,1627457225,24411858375,77,52839521,3364,1209466,50000,5000,2594658,52466204500
1039,20221029,2,3,6,19,36,39,26,16,1585019672,25360314752,80,52833990,2773,1524241,50000,5000,2502398,52629533000
1040,20221105,8,16,26,29,31,36,11,7,3660482625,25623378375,63,67786716,2583,1653335,50000,5000,2371271,52003619500
1041,20221112,6,7,9,11,17,18,45,25,935091165,23377279125,85,45837803,3947,987133,50000,5000,2792461,52650800500
1042,20221119,5,14,15,23,34,43,4,20,1240663669,24813273380,100,41355456,3567,1159391,50000,5000,2623436,53255129500
1043,20221126,3,5,12,22,26,31,19,17,1468646956,24966998252,86,48385656,3156,1318494,50000,5000,2654204,53522971000
1044,20221203,12,17,20,26,28,36,4,8,3136941235,25095529880,72,58091505,2597,1610547,50000,5000,2391699,51445986500
1045,20221210,6,14,15,19,21,41,37,13,1990060443,25870785759,67,64355189,2699,1597554,50000,5000,2419083,52690141000
1046,20221217,7,16,25,29,35,36,28,12,2011415719,24136988628,57,70575991,2959,1359524,50000,5000,2402857,50461996500
1047,20221224,2,20,33,40,42,44,32,9,2748797875,24739180875,83,49677071,2728,1511436,50000,5000,2455753,51529089500
1048,20221231,6,12,17,21,32,39,30,17,1612494508,27412406636,102,44791515,3817,1196944,50000,5000,2895577,58661950500
1049,20230107,3,5,13,20,21,37,17,15,1727810100,25917151500,89,48533992,2968,1455366,50000,5000,2612755,54222362000
1050,20230114,6,12,31,35,38,43,17,17,1535083280,26096415760,70,62134324,2866,1517587,50000,5000,2549679,54036301000
1051,20230121,21,26,30,32,33,35,44,18,1669558480,30052052640,70,71552507,2824,1773611,50000,5000,2623596,59621953500
1052,20230128,5,17,26,27,35,38,1,11,2341682762,25758510382,108,39750788,2926,1467220,50000,5000,2557053,53782730500
1053,20230204,22,26,29,30,34,45,15,7,4090367411,28632571877,64,74563990,2702,1766135,50000,5000,2507442,56860832500
1054,20230211,14,19,27,28,30,45,33,9,3147925709,28331331381,66,71543767,2714,1739827,50000,5000,2551052,56830283500
1055,20230218,4,7,12,14,22,33,31,11,2362815205,25990967255,92,47085086,3413,1269215,50000,5000,2831107,56244128000
1056,20230225,13,20,24,32,36,45,29,14,1969662456,27575274384,81,56739248,3223,1425964,50000,5000,2618909,56639807500
1057,20230304,8,13,19,27,40,45,12,17,1616069714,27473185138,664,6895880,2962,1545870,50000,5000,2611610,56261943500
1058,20230311,11,23,25,30,32,40,42,13,2058020250,26754263250,60,74317398,3074,1450568,50000,5000,2700801,56020691000
1059,20230318,7,10,22,25,34,40,27,13,2033168481,26431190253,83,53074680,3127,1408762,50000,5000,2672119,55423412000
1060,20230325,3,10,24,33,38,45,36,28,898238907,25150689396,96,43664392,4593,912646,50000,5000,2750310,55338592500
1061,20230401,4,24,27,35,37,45,15,11,2422768773,26650456503,99,44866089,3003,1479102,50000,5000,2574546,54954672000
1062,20230408,20,31,32,40,41,45,12,7,3801933804,26613536628,68,65229257,2668,1662515,50000,5000,2414400,53554955500
1063,20230415,3,6,22,23,24,38,30,7,3770311875,26392183125,55,79976313,2706,1625535,50000,5000,2543904,54173567500
1064,20230422,3,6,9,18,22,35,14,19,1348168106,25615194014,62,68858049,3296,1295267,50000,5000,2687432,54713792000
1065,20230429,3,18,19,23,32,45,24,14,1852593938,25936315132,74,58415125,3117,1386821,50000,5000,2567978,54090863500
1066,20230506,6,11,16,19,21,32,45,15,1670947250,25064208750,88,47470093,3323,1257108,50000,5000,2588298,53220475000
1067,20230513,7,10,19,23,28,33,18,13,1981114010,25754482130,82,52346509,3679,1166734,50000,5000,2734850,55351649500
1068,20230520,4,7,19,26,33,35,3,19,1363929514,25914660766,87,49644944,3114,1386998,50000,5000,2634436,54494466000
1069,20230527,1,10,18,22,28,31,44,14,1863217554,26085045756,79,55031743,3006,1446277,50000,5000,2568961,54194446000
1070,20230603,3,6,14,22,30,41,36,14,1859116929,26027637006,63,68856183,2938,1476495,50000,5000,2499761,53611401000
1071,20230610,1,2,11,21,30,35,39,5,5183979750,25919898750,83,52047990,2891,1494287,50000,5000,2538163,53681315000
1072,20230617,16,18,20,23,32,43,27,12,2175006375,26100076500,93,46774331,2872,1514629,50000,5000,2549086,54078327000
1073,20230624,6,18,28,30,32,38,15,11,2345227603,25797503633,62,69348129,2994,1436067,50000,5000,2537439,53676061500
1074,20230701,1,6,20,27,28,41,15,12,2134763657,25617163884,78,54737530,2711,1574891,50000,5000,2457578,52872078500
1075,20230708,1,23,24,35,44,45,10,9,2896337167,26067034503,160,27153161,2750,1579821,50000,5000,2404472,52817616000
1076,20230715,3,7,9,33,36,37,10,9,2672689750,24054207750,86,46616682,3109,1289494,50000,5000,2568929,51584347000
1077,20230722,4,8,17,30,40,43,34,7,3570901018,24996307126,98,42510727,3235,1287806,50000,5000,2582135,52963744500
1078,20230729,6,10,11,14,36,38,43,12,2141604938,25699259256,77,55626103,2691,1591680,50000,5000,2472238,52703809000
1079,20230805,4,8,18,24,37,45,6,9,2712329417,24410964753,85,47864637,3212,1266655,50000,5000,2493779,51560103000
1080,20230812,13,16,23,31,36,44,38,7,3639444429,25476111003,82,51780714,2720,1561037,50000,5000,2394065,52055993000
1081,20230819,1,9,16,23,24,38,17,11,2343892944,25782822384,92,46708012,2923,1470112,50000,5000,2536671,53487161500
1082,20230826,21,26,27,32,34,42,31,7,3720489643,26043427501,62,70009214,2768,1568126,50000,5000,2535504,53783440000
1083,20230902,3,7,14,15,22,38,17,15,1713084525,25696267875,72,59482102,3274,1308098,50000,5000,2659713,54497570500
1084,20230909,8,12,13,29,33,42,5,15,1738764600,26081469000,107,40625342,3003,1447523,50000,5000,2667440,54909462000
1085,20230916,4,7,17,18,38,44,36,23,1073277473,24685381879,80,51427879,3471,1185316,50000,5000,2635773,53124987500
1086,20230923,11,16,25,27,35,36,37,17,1515913809,25770534753,67,64105808,3270,1313483,50000,5000,2659073,54625153000
1087,20230930,13,14,18,21,34,44,16,16,1732253602,27716057632,71,65061169,2989,1545448,50000,5000,2659531,56980448500
1088,20231007,11,21,22,30,39,44,31,11,2434697898,26781676878,94,47485243,2991,1492348,50000,5000,2496863,54544652500
1089,20231014,4,18,31,37,42,43,40,9,2978522167,26806699503,79,56554219,2825,1581517,50000,5000,2479878,54362966000
1090,20231021,12,19,21,29,40,45,1,11,2386494614,26251440754,88,49718638,2931,1492747,50000,5000,2545706,54182431000
1091,20231028,6,20,23,24,28,30,44,9,2898470459,26086234131,65,66887780,2873,1513299,50000,5000,2633974,54667790500
1092,20231104,7,18,19,26,33,45,37,16,1583289844,25332637504,84,50263170,3327,1269044,50000,5000,2704244,54485255000
1093,20231111,10,17,22,30,35,43,44,13,1967040750,25571529750,65,65568025,2928,1455575,50000,5000,2471747,52794518000
1094,20231118,6,7,15,22,26,40,41,12,2112854469,25354253628,87,48571368,2725,1550719,50000,5000,2418354,52039411500
1095,20231125,8,14,28,29,34,40,12,10,2617825575,26178255750,57,76544608,2584,1688484,50000,5000,2416963,53080286000
1096,20231202,1,12,16,19,23,43,34,10,2539391175,25393911750,85,49791984,2924,1447442,50000,5000,2531317,52876539000
1097,20231209,14,33,34,35,37,40,4,7,3864293090,27050051630,67,67288686,2631,1713547,50000,5000,2455638,54436550500
1098,20231216,12,16,21,24,41,43,15,13,1930461895,25096004635,68,61509816,2840,1472771,50000,5000,2452877,51925169500
1099,20231223,3,20,28,38,40,43,4,9,2959934125,26639407125,71,62533820,2701,1643800,50000,5000,2442914,53755364500
1100,20231230,17,26,29,30,31,43,12,13,2207575472,28698481136,81,59050373,2869,1667160,50000,5000,2652379,58093511500
1101,20240106,6,7,13,28,36,42,41,13,2100529500,27306883500,75,60681964,3363,1353300,50000,5000,2759330,57379438000
1102,20240113,13,14,22,26,37,38,20,20,1383591413,27671828260,63,73205895,3042,1516099,50000,5000,2612436,56589051000
1103,20240120,10,12,29,31,40,44,2,17,1574419633,26765133761,76,58695469,2909,1533468,50000,5000,2584307,55097535000
1104,20240127,1,7,21,30,35,38,2,15,1817193100,27257896500,76,59776089,3000,1514328,50000,5000,2641956,56224692000
1105,20240203,6,16,34,37,39,40,11,15,1834853800,27522807000,83,55266681,2898,1582863,50000,5000,2654810,56647646000
1106,20240210,1,3,4,29,42,45,36,11,2790462819,30695091009,67,76355948,3374,1516257,50000,5000,2960696,63308648000
1107,20240217,6,14,30,31,40,41,29,14,2025625233,28358753262,82,57639743,3357,1407942,50000,5000,2747230,58832481000
1108,20240224,7,19,26,37,39,44,27,14,1957990849,27411871886,96,47590056,3227,1415757,50000,5000,2733184,57289452500
1109,20240302,10,12,13,19,33,40,2,17,1584352875,26933998875,84,53440474,3347,1341202,50000,5000,2918386,58598163500
1110,20240309,3,7,11,20,22,41,24,16,1647392719,26358283504,118,37229214,3654,1202258,50000,5000,2924185,57541893000
1111,20240316,3,13,30,33,43,45,4,16,1714662540,27434600640,97,47138490,5096,897260,50000,5000,2785332,58191417500
1112,20240323,16,20,26,36,42,44,24,10,2804455650,28044556500,59,79221912,3077,1519043,50000,5000,2612739,57108042000
1113,20240330,11,13,20,21,32,44,8,14,1987426822,27823975508,57,81356654,2936,1579472,50000,5000,2594539,56671159000
1114,20240406,10,16,19,32,33,38,3,17,1583813824,26924835008,88,50994006,3221,1393193,50000,5000,2738326,56798945000
1115,20240413,7,12,23,32,34,36,8,12,2257278282,27087339384,60,75242610,3103,1454901,50000,5000,2746280,56969607500
1116,20240420,15,16,17,25,30,31,32,10,2695000238,26950002380,114,39400589,2896,1550991,50000,5000,2592676,55431276500
1117,20240427,3,4,9,30,33,36,7,9,3028385542,27255469878,94,48325302,3161,1437071,50000,5000,2726261,56947666500
1118,20240504,11,13,14,15,16,45,3,19,1477445132,28071457508,72,64980226,3518,1329897,50000,5000,2583853,56863560000
1119,20240511,1,9,12,13,20,45,3,19,1396028764,26524546516,97,45574823,3108,1422381,50000,5000,2719083,55920357000
1120,20240518,2,19,26,31,38,41,34,11,2522163375,27743797125,91,50812816,3049,1516552,50000,5000,2691051,57402179500
1121,20240525,6,24,31,32,38,44,8,11,2524513262,27769645882,76,60898347,2956,1565723,50000,5000,2646800,56949259500
1122,20240601,3,6,21,30,34,35,22,11,2556266046,28118926506,99,47338261,2932,1598393,50000,5000,2695405,57770002000
1123,20240608,13,19,21,24,34,35,26,16,1731310711,27700971376,77,59958813,2945,1567684,50000,5000,2606625,56571478500
1124,20240615,3,8,17,30,33,34,28,10,2623327913,26233279130,87,50255324,3123,1400005,50000,5000,2781493,56007420500
1125,20240622,6,14,25,33,40,44,30,12,2195289188,26343470256,78,56289467,3066,1432022,50000,5000,2593143,54703647000
1126,20240629,4,5,9,11,37,40,7,11,2386382421,26250206631,91,48077302,3114,1404957,50000,5000,2787280,55999095500
1127,20240706,10,15,24,30,31,37,32,12,2267891969,27214703628,84,53997428,3007,1508409,50000,5000,2592172,55785686500
1128,20240713,1,5,8,16,28,33,45,63,419925560,26455310280,77,57262577,2987,1476137,50000,5000,2702469,55682097000
1129,20240720,5,10,11,17,28,34,22,11,2369567660,26065244260,107,40600069,3142,1382625,50000,5000,2699980,55181749000
1130,20240727,15,19,21,25,27,28,40,12,2263301219,27159614628,69,65602934,2900,1560898,50000,5000,2475353,54757544500
1131,20240803,1,2,6,14,27,38,33,17,1542367898,26220254266,56,78036471,2861,1527453,50000,5000,2619368,54560399000
1132,20240810,6,7,19,28,34,41,5,11,2404951807,26454469877,73,60398334,3086,1428736,50000,5000,2615226,55009061500
1133,20240817,13,14,20,28,29,34,23,13,2105079491,27366033383,73,62479529,2737,1666426,50000,5000,2538875,55605419500
1134,20240824,3,7,9,13,19,24,23,14,1755689384,24579651376,97,42233078,3961,1034236,50000,5000,2992330,55830043500
1135,20240831,1,6,13,19,21,33,4,9,2953726125,26583535125,91,48687794,3417,1296632,50000,5000,2822016,56908568500
1136,20240907,21,33,35,38,42,44,1,12,2314468157,27773617884,75,61719151,2906,1592890,50000,5000,2599827,56515955500
1137,20240914,4,9,12,15,33,45,26,14,2023447688,28328267632,111,42534937,3323,1420818,50000,5000,2904580,59625003500
1138,20240921,14,16,19,20,29,34,35,14,1902656786,26637195004,50,88790650,2865,1549576,50000,5000,2553618,54825755000
1139,20240928,5,12,15,30,37,40,18,13,2167490972,28177382636,75,62616406,3240,1449454,50000,5000,2811824,58957943500
1140,20241005,7,10,22,29,31,38,15,12,2279823938,27357887256,83,54935517,3345,1363124,50000,5000,2806772,57619278000
1141,20241012,7,11,12,21,26,35,20,11,2457758285,27035341135,100,45058902,3371,1336663,50000,5000,2887278,57901586500
1142,20241019,2,8,28,30,37,41,22,9,3117517709,28057659381,67,69795173,2841,1645997,50000,5000,2623886,57127177500
1143,20241026,10,16,17,27,28,36,6,11,2545657023,28002227253,90,51855977,3154,1479721,50000,5000,2771684,58216448000
1144,20241102,3,4,12,15,26,34,6,18,1489347375,26808252750,94,47532364,3626,1232224,50000,5000,2942571,58189257000
1145,20241109,2,11,31,33,37,44,32,9,3051630084,27464670756,63,72657860,3312,1382079,50000,5000,2814493,58057581000
1146,20241116,6,11,17,19,40,43,28,11,2526476353,27791239883,72,64331574,3030,1528672,50000,5000,2838276,58347371500
1147,20241123,7,11,24,26,27,37,32,8,3323422079,26587376632,83,53388307,3588,1235014,50000,5000,2927094,57853530500
1148,20241130,3,6,13,15,16,22,32,13,2073332308,26953320004,97,46311547,3082,1457567,50000,5000,2739837,56594320000
1149,20241207,8,15,19,21,32,36,38,17,1613380765,27427473005,74,61773588,2924,1563354,50000,5000,2596813,56073359000
1150,20241214,8,9,18,35,39,45,25,17,1570620309,26700545253,226,19690668,3413,1303865,50000,5000,2797100,57076017000
1151,20241221,2,3,9,15,27,29,8,17,1620503030,27548551510,102,45013974,3351,1370166,50000,5000,2801539,58059222000
1152,20241228,30,31,32,35,36,37,5,35,874349668,30602238380,79,64561685,3354,1520684,50000,5000,2591162,60351504500
1153,20250104,1,9,10,13,35,44,5,15,2027312925,30409693875,79,64155473,3506,1445603,50000,5000,3019457,63171683500
1154,20250111,4,8,22,26,32,38,27,15,1854965425,27824481375,62,74796993,3190,1453735,50000,5000,2717166,57634128500
1155,20250118,10,16,19,27,37,38,13,7,4066375179,28464626253,78,60821851,3171,1496091,50000,5000,2817668,59241365000
1156,20250125,30,31,34,39,41,45,7,21,1505207090,31609348890,73,72167464,3494,1507792,50000,5000,2872880,63821993500
1157,20250201,5,7,12,20,25,26,28,12,2257842157,27094105884,141,32026130,4549,992677,50000,5000,3307328,61721719500
1158,20250208,21,25,27,32,37,38,20,21,1394358197,29281522137,86,56747136,3032,1609583,50000,5000,2768468,59853079500
1159,20250215,3,9,27,28,38,39,7,23,1284854250,29551647750,110,44775224,3742,1316215,50000,5000,3007309,62401152000
1160,20250222,7,13,18,36,39,45,19,12,2509359875,30112318500,84,59746664,3176,1580202,50000,5000,2845575,61588768000
1161,20250301,2,12,20,24,34,42,37,16,1792657969,28682527504,117,40858302,4107,1163970,50000,5000,3045512,61615295000
1162,20250308,20,21,22,25,28,29,6,36,823931021,29661516756,78,63379310,4752,1040317,50000,5000,2704384,60289164000
1163,20250315,2,13,15,16,33,43,4,15,1936891150,29053367250,75,64563039,3386,1430074,50000,5000,2966707,61123158000
1164,20250322,17,18,23,25,38,39,22,13,2193092164,28510198132,76,62522365,3470,1369366,50000,5000,2980699,60551322500
1165,20250329,6,7,27,29,38,45,17,13,2192485270,28502308510,91,52202031,3173,1497128,50000,5000,2791746,59056053000
1166,20250405,14,23,25,27,29,42,16,14,2072319938,29012479132,80,60442665,2803,1725085,50000,5000,2607469,58358830500
1167,20250412,8,23,31,35,39,40,24,10,2884087913,28840879130,69,69663960,2942,1633859,50000,5000,2774487,59381065500
1168,20250419,9,21,24,30,33,37,29,13,2136635914,27776266882,74,62559160,3514,1317410,50000,5000,2882309,58905897500
1169,20250426,5,12,24,26,39,42,20,10,2852735813,28527358130,112,42451426,3244,1465648,50000,5000,2832043,59401597500
1170,20250503,3,13,28,34,38,42,25,20,1386550969,27731019380,103,44872200,5668,815427,50000,5000,2807058,58354997500
1171,20250510,3,6,7,11,12,17,19,21,1128345286,23695251006,148,26683842,5317,742752,50000,5000,3311795,57642848000
1172,20250517,7,9,24,40,42,44,45,13,2203004452,28639057876,98,48705881,3059,1560372,50000,5000,2746539,58782620500
1173,20250524,1,5,18,20,30,35,3,24,1179946063,28318705512,94,50210471,3139,1503595,50000,5000,2856767,59391334000
1174,20250531,8,11,14,17,36,39,22,15,1910619425,28659291375,85,56194689,3196,1494540,50000,5000,2832369,59510233500
1175,20250607,3,4,6,8,32,42,31,20,1384026094,27680521880,92,50145873,3178,1451675,50000,5000,2891372,58744152500
1176,20250614,7,9,11,21,30,35,29,13,2052166154,26678160002,89,49959102,3533,1258523,50000,5000,2922099,57882725000
1177,20250621,3,7,15,16,19,43,21,6,4576672000,27460032000,75,61022294,3111,1471126,50000,5000,2804758,57705916000
1178,20250628,5,6,11,27,43,44,17,12,2391608407,28699300884,89,53744010,3061,1562633,50000,5000,2814047,59387139500
1179,20250705,3,16,18,24,40,44,21,13,2162821097,28116674261,63,74382737,2989,1567787,50000,5000,2668265,57512339000
1180,20250712,6,12,18,37,40,41,3,11,2535566421,27891230631,72,64563034,3010,1544365,50000,5000,2723762,57688982500
1181,20250719,8,10,14,20,33,41,28,17,1593643500,27091939500,86,52503759,3109,1452340,50000,5000,2755521,56901341000
1182,20250726,1,13,21,25,28,31,22,13,2124785424,27622210512,79,58274706,3015,1526933,50000,5000,2776090,57715654000
1183,20250802,4,15,17,23,27,36,31,13,2073966000,26961558000,92,48843403,3623,1240297,50000,5000,2853306,57802984000
1184,20250809,14,16,23,25,31,37,42,15,1910655600,28659834000,95,50280411,3115,1533432,50000,5000,2735491,58874462000
1185,20250816,6,17,22,28,29,32,38,12,2388695125,28664341500,79,60473295,2903,1645674,50000,5000,2723068,58740402000
1186,20250823,2,8,13,16,23,28,35,14,1985676911,27799476754,89,52058946,3226,1436221,50000,5000,2794846,58345369000
1187,20250830,5,13,26,29,37,40,42,11,2619380012,28813180132,79,60787300,3147,1525961,50000,5000,2712775,58825423500
1188,20250906,3,4,12,19,22,27,9,24,1074625172,25791004128,111,38725232,3713,1157690,50000,5000,3093218,58308985500
1189,20250913,9,19,29,35,37,38,31,13,2263651299,29427466887,167,29368730,3121,1571477,50000,5000,2733340,59742342500
1190,20250920,7,9,19,23,26,45,33,6,4622793813,27736762878,113,40909680,3293,1403825,50000,5000,2924952,59184430500
1191,20250927,1,4,11,12,20,41,2,18,1536334355,27654018390,132,34916690,3649,1263087,50000,5000,3093853,60636404500
1192,20251004,10,16,23,36,39,40,11,29,1079546587,31306851023,95,54924300,3476,1501096,50000,5000,3016167,64525098000
1193,20251011,6,9,16,19,24,28,17,16,1717013508,27472216128,84,54508366,3635,1259616,50000,5000,2962047,59338301500
1194,20251018,3,13,15,24,33,37,2,28,985155349,27584349772,99,46438300,5442,844799,50000,5000,3076933,60542853000
1195,20251025,3,15,27,33,34,36,37,10,2939186738,29391867380,86,56960984,3337,1467979,50000,5000,2966814,61459006500
1196,20251101,8,12,15,29,40,45,14,15,2001627550,30024413250,94,53234776,2837,1763860,50000,5000,2775933,60822716000
1197,20251108,1,5,7,26,28,43,30,13,2205089827,28666167751,74,64563441,3087,1547683,50000,5000,2917467,60122217000
1198,20251115,26,30,33,38,39,41,21,10,2953686638,29536866380,78,63112963,3110,1582898,50000,5000,2750400,60103758500
1199,20251122,16,24,25,30,31,32,7,17,1695609839,28825367263,75,64056372,3504,1371070,50000,5000,2765654,59312398000
1200,20251129,1,2,4,16,20,32,45,12,2357299875,28287598500,80,58932497,3584,1315458,50000,5000,2838490,59169798000
1201,20251206,7,9,24,27,35,36,37,19,1414555718,26876558642,84,53326506,3321,1348819,50000,5000,2880851,57694796500
1202,20251213,5,12,21,33,37,40,7,14,1920410813,26885751382,109,41109712,3764,1190478,50000,5000,2907869,58477118500
1203,20251220,3,6,18,29,35,39,24,21,1368060733,28729275393,118,40578073,3588,1334508,50000,5000,2960510,60827815500
1204,20251227,8,16,28,30,31,44,27,18,1661007688,29898138384,95,52452875,3361,1482602,50000,5000,2922228,61879309500
1205,20260103,1,4,16,23,31,41,2,10,3226386263,32263862630,97,55436191,3486,1542545,50000,5000,3094311,66335375027
1206,20260110,1,3,17,26,27,42,23,15,1868807000,28032105000,74,63135372,3329,1403430,50000,5000,3073656,60506345998
1207,20260117,10,22,24,27,38,45,11,17,1733202949,29464450133,86,57101648,3365,1459359,50000,5000,2927530,61467144896
1208,20260124,6,27,30,36,38,42,25,6,5001713625,30010281750,68,73554613,2932,1705906,50000,5000,2696900,60204336826
1209,20260131,2,17,20,35,37,39,24,22,1371910466,30182030252,73,68908745,3141,1601509,50000,5000,2890411,62020198406
1210,20260207,1,7,9,17,27,38,31,24,1102298407,26455161768,153,28818259,4649,948418,50000,5000,3356255,61555530677
1211,20260214,23,26,27,35,38,40,10,14,2370956036,33193384504,86,64328265,3332,1660334,50000,5000,3079939,67472903182
1212,20260221,5,8,25,31,41,44,45,12,2654089032,31849068384,79,67192128,3482,1524463,50000,5000,3102800,65863966662
1213,20260228,5,11,25,27,36,38,2,18,1740011646,31320209628,110,47454864,3724,1401728,50000,5000,3142337,65555539740
1214,20260307,10,15,19,27,30,33,14,12,2431577188,29178926256,99,49122772,3618,1344156,50000,5000,3103267,62407932092
1215,20260314,13,15,19,21,44,45,39,16,1998542133,31976674128,76,70124286,3120,1708156,50000,5000,2796593,63488551584
1216,20260321,3,10,14,15,23,24,25,14,2148654000,30081156000,87,57626736,3181,1576085,50000,5000,3024492,62778263417
1217,20260328,8,10,15,20,29,31,41,14,2179738018,30516332252,85,59835946,3344,1520950,50000,5000,2909213,62577629462
1218,20260404,3,28,31,32,42,45,25,18,1714482042,30860676756,80,64293077,2889,1780356,50000,5000,2754132,61667966400
1219,20260411,1,2,15,28,39,45,31,12,2508232844,30098794128,77,65148906,3079,1629252,50000,5000,2714806,60472901798
1220,20260418,2,22,25,28,34,43,16,14,2114514161,29603198254,85,58045487,3192,1545698,50000,5000,2853476,60979412665
1221,20260425,6,13,18,28,30,36,9,16,1830801165,29292818640,96,50855588,3465,1408986,50000,5000,2923383,61489811578
1222,20260502,4,11,17,22,32,41,34,24,1202986844,28871684256,115,41843021,4081,1179110,50000,5000,3083864,62121779581
1223,20260509,16,18,20,32,33,39,26,16,1857554133,29720866128,103,48092017,3481,1423005,50000,5000,2882449,61310584284
1224,20260516,9,18,21,27,44,45,28,12,2414855250,28978263000,70,68995865,3373,1431874,50000,5000,2886425,60555204552
1225,20260523,8,9,19,25,41,42,33,13,2228133087,28965730131,76,63521338,3333,1448432,50000,5000,2869706,60201445675
1226,20260530,4,6,13,17,26,28,41,10,2815230113,28152301130,75,62560670,3557,1319104,50000,5000,2978631,60129974308
1227,20260606,1,14,16,34,41,44,13,11,2674808455,29422893005,70,70054508,3042,1612037,50000,5000,2678345,59441280119
1228,20260613,24,29,30,31,35,44,1,11,2698334421,29681678631,83,59601765,2836,1744340,50000,5000,2664607,59526138366
1229,20260620,12,13,29,34,37,42,16,8,3519759000,28158072000,89,52730472,2925,1604449,50000,5000,2739146,58077767333
1230,20260627,3,8,9,22,28,42,45,16,1771357196,28341715136,90,52484658,3336,1415953,50000,5000,2943301,60088838564
1231,20260704,4,13,14,18,31,38,15,17,1652990074,28100831258,92,50907303,3329,1406871,50000,5000,2852952,59042291693
1232,20260711,12,15,19,22,24,36,3,11,2533260819,27865869009,92,50481647,2984,1556405,50000,5000,2691678,57318153053
1233,20260718,2,7,20,25,37,40,29,31,837965396,25976927276,76,56966946,4438,975550,50000,5000,3023959,58079891072
1234,20260725,1,15,19,31,35,43,27,18,1595129563,28712332134,71,67399841,2985,1603146,50000,5000,2625339,57995216655
1235,20260801,6,7,11,15,39,43,20,9,3090961625,27818654625,82,56541981,2859,1621701,50000,5000,2742717,57722535226
1236,20260808,12,18,21,29,34,38,10,11,2441919375,26861113125,84,53295860,3371,1328049,50000,5000,2790243,57035418544
1237,20260815,10,20,23,34,37,40,36,23,1214932680,27943451640,75,62096560,3745,1243590,50000,5000,2839384,59181583190
1238,20260822,2,13,18,32,38,42,22,23,1197258718,27536950514,84,54636807,3235,1418700,50000,5000,2708666,57268901802
1239,20260829,11,13,22,32,33,36,8,13,2214789375,28792261875,71,67587470,3081,1557518,50000,5000,2726532,58883645203
1240,20260905,11,13,19,20,31,44,27,16,1791817758,28669084128,78,61258727,3087,1547840,50000,5000,2777806,59082661914
1241,20260912,7,13,16,23,24,43,9,18,1628391980,29311055640,90,54279733,3254,1501284,50000,5000,2893115,60959044746
1242,20260919,2,4,10,16,31,41,9,9,3281029250,29529263250,104,47322538,3206,1535105,50000,5000,2897841,61286928832
1243,20260926,9,18,24,38,43,44,35,12,2592525282,31110303384,115,45087397,3591,1443902,50000,5000,3031525,64463211121
1244,20261003,1,13,18,26,34,38,25,18,1604686625,28884359250,80,60175749,3731,1290287,50000,5000,3031999,61718049967
